character,action,frame,hitbox_1_status,hitbox_1_size,hitbox_1_x,hitbox_1_y,hitbox_2_status,hitbox_2_size,hitbox_2_x,hitbox_2_y,hitbox_3_status,hitbox_3_size,hitbox_3_x,hitbox_3_y,hitbox_4_status,hitbox_4_size,hitbox_4_x,hitbox_4_y,locomotion_x,locomotion_y,iasa,facing_changed,projectile
10,214,1,False,0,0,0,False,0,0,0,False,0,0,0,False,0,0,0,1.7924995422363281,0.0,False,False,False
10,214,2,False,0,0,0,False,0,0,0,False,0,0,0,False,0,0,0,2.3125,0.0,False,False,False
10,214,3,False,0,0,0,False,0,0,0,False,0,0,0,False,0,0,0,2.2325000762939453,0.0,False,False,False
10,214,4,False,0,0,0,False,0,0,0,False,0,0,0,False,0,0,0,2.1525001525878906,0.0,False,False,False
10,214,5,False,0,0,0,False,0,0,0,False,0,0,0,False,0,0,0,1.772500991821289,0.0,False,False,False
10,214,6,False,0,0,0,False,0,0,0,False,0,0,0,False,0,0,0,1.6924991607666016,0.0,False,False,False
10,214,7,False,0,0,0,False,0,0,0,False,0,0,0,False,0,0,0,1.6124992370605469,0.0,False,False,False
10,214,8,False,0,0,0,False,0,0,0,False,0,0,0,False,0,0,0,1.5324993133544922,0.0,False,False,False
10,214,9,False,0,0,0,False,0,0,0,False,0,0,0,False,0,0,0,1.4524993896484375,0.0,False,False,False
10,214,10,False,0,0,0,False,0,0,0,False,0,0,0,False,0,0,0,1.3724994659423828,0.0,False,False,False
10,214,11,False,0,0,0,False,0,0,0,False,0,0,0,False,0,0,0,1.2924995422363281,0.0,False,False,False
10,214,12,True,3.9059998989105225,-7.499519348144531,5.624639646914147,True,3.124799966812134,-2.9998092651367188,6.749567644503259,True,3.124799966812134,0.7499504089355469,6.749567644503259,False,0,0,0,1.2125015258789062,0.0,False,False,False
10,214,13,True,3.9059998989105225,-7.499519348144531,5.624639646914147,True,3.124799966812134,-2.9998092651367188,6.749567644503259,True,3.124799966812134,0.7499504089355469,6.749567644503259,False,0,0,0,1.1324996948242188,0.0,False,False,False
10,214,14,False,0,0,0,False,0,0,0,False,0,0,0,False,0,0,0,1.0524978637695312,0.0,False,False,False
10,214,15,False,0,0,0,False,0,0,0,False,0,0,0,False,0,0,0,0.9724998474121094,0.0,False,False,False
10,214,16,False,0,0,0,False,0,0,0,False,0,0,0,False,0,0,0,0.8924980163574219,0.0,False,False,False
10,214,17,False,0,0,0,False,0,0,0,False,0,0,0,False,0,0,0,0.8125,0.0,False,False,False
10,214,18,False,0,0,0,False,0,0,0,False,0,0,0,False,0,0,0,0.7324981689453125,0.0,False,False,False
10,214,19,False,0,0,0,False,0,0,0,False,0,0,0,False,0,0,0,0.6525001525878906,0.0,False,False,False
10,214,20,False,0,0,0,False,0,0,0,False,0,0,0,False,0,0,0,0.5724983215332031,0.0,False,False,False
10,214,21,False,0,0,0,False,0,0,0,False,0,0,0,False,0,0,0,0.49250030517578125,0.0,False,False,False
10,214,22,False,0,0,0,False,0,0,0,False,0,0,0,False,0,0,0,0.41249847412109375,0.0,False,False,False
10,214,23,False,0,0,0,False,0,0,0,False,0,0,0,False,0,0,0,0.3325004577636719,0.0,False,False,True
10,214,24,False,0,0,0,False,0,0,0,False,0,0,0,False,0,0,0,0.2524986267089844,0.0,False,False,False
10,214,25,False,0,0,0,False,0,0,0,False,0,0,0,False,0,0,0,0.1725006103515625,0.0,False,False,False
10,214,26,False,0,0,0,False,0,0,0,False,0,0,0,False,0,0,0,0.092498779296875,0.0,False,False,False
10,214,27,False,0,0,0,False,0,0,0,False,0,0,0,False,0,0,0,0.012500762939453125,0.0,False,False,False
10,214,28,False,0,0,0,False,0,0,0,False,0,0,0,False,0,0,0,-0.0,0.0,False,False,False
10,214,29,False,0,0,0,False,0,0,0,False,0,0,0,False,0,0,0,-0.0,0.0,False,False,False
10,214,30,False,0,0,0,False,0,0,0,False,0,0,0,False,0,0,0,-0.0,0.0,False,False,False
10,214,31,False,0,0,0,False,0,0,0,False,0,0,0,False,0,0,0,-0.0,0.0,False,False,False
10,214,32,False,0,0,0,False,0,0,0,False,0,0,0,False,0,0,0,-0.0,0.0,False,False,False
10,214,33,False,0,0,0,False,0,0,0,False,0,0,0,False,0,0,0,-0.0,0.0,False,False,False
10,214,34,False,0,0,0,False,0,0,0,False,0,0,0,False,0,0,0,-0.0,0.0,False,False,False
10,214,35,False,0,0,0,False,0,0,0,False,0,0,0,False,0,0,0,-0.0,0.0,False,False,False
10,214,36,False,0,0,0,False,0,0,0,False,0,0,0,False,0,0,0,-0.0,0.0,False,False,False
10,214,37,False,0,0,0,False,0,0,0,False,0,0,0,False,0,0,0,-0.0,0.0,False,False,False
10,214,38,False,0,0,0,False,0,0,0,False,0,0,0,False,0,0,0,-0.0,0.0,False,False,False
10,214,39,False,0,0,0,False,0,0,0,False,0,0,0,False,0,0,0,-0.0,0.0,False,False,False
10,214,40,False,0,0,0,False,0,0,0,False,0,0,0,False,0,0,0,-0.0,0.0,False,False,False
10,65,1,False,0,0,0,False,0,0,0,False,0,0,0,False,0,0,0,0,0.029999732971191406,False,False,False
10,65,2,False,0,0,0,False,0,0,0,False,0,0,0,False,0,0,0,0,0,False,False,False
10,65,3,False,0,0,0,False,0,0,0,False,0,0,0,False,0,0,0,0,0,False,False,False
10,65,4,True,3.4958698749542236,-0.9599990844726562,6.528000831604004,True,3.4958698749542236,5.730327606201172,6.299477577209473,True,2.9919960498809814,0.4982719421386719,3.916131019592285,False,0,0,0,0,0,False,False,False
10,65,5,True,3.4958698749542236,-0.9599990844726562,6.52800178527832,True,3.4958698749542236,5.72764778137207,6.328029632568359,True,2.9919960498809814,0.4403076171875,3.9189043045043945,False,0,0,0,0,0,False,False,False
10,65,6,True,3.4958698749542236,-0.9599990844726562,6.528001308441162,True,3.4958698749542236,5.725959777832031,6.297604084014893,True,2.9919960498809814,0.43051910400390625,3.9071364402770996,False,0,0,0,0,0,False,False,False
10,65,7,True,3.4958698749542236,-0.9599990844726562,6.528001308441162,True,3.4958698749542236,5.72332763671875,6.27891206741333,True,2.9919960498809814,0.4213371276855469,3.8978724479675293,False,0,0,0,0,0,False,False,False
10,65,8,True,3.4958698749542236,-0.9599990844726562,6.52800178527832,True,3.4958698749542236,5.720256805419922,6.269728660583496,True,2.9919960498809814,0.41298675537109375,3.890867233276367,False,0,0,0,0,0,False,False,False
10,65,9,True,3.4958698749542236,-0.9599990844726562,6.528000831604004,True,3.4958698749542236,5.717067718505859,6.267403602600098,True,2.9919960498809814,0.4056129455566406,3.8858704566955566,False,0,0,0,0,0,False,False,False
10,65,10,True,3.4958698749542236,-0.9599990844726562,6.528000593185425,True,3.4958698749542236,5.714019775390625,6.2690184116363525,True,2.9919960498809814,0.3992919921875,3.882645845413208,False,0,0,0,0,0,False,False,False
10,65,11,True,3.4958698749542236,-0.9599990844726562,6.528000831604004,True,3.4958698749542236,5.7113189697265625,6.271479606628418,True,2.9919960498809814,0.39405059814453125,3.8809726238250732,False,0,0,0,0,0,False,False,False
10,40,1,False,0,0,0,False,0,0,0,False,0,0,0,False,0,0,0,-0.11999893188476562,0.0,False,False,False
10,40,2,False,0,0,0,False,0,0,0,False,0,0,0,False,0,0,0,-0.1999969482421875,0.0,False,False,False
10,360,1,True,7.99948787689209,-0.603302001953125,6.797442572024011,False,0,0,0,False,0,0,0,False,0,0,0,-0.279998779296875,0.0,False,False,False
10,360,2,False,0,0,0,False,0,0,0,False,0,0,0,False,0,0,0,0.0,0.0,False,False,False
10,360,3,False,0,0,0,False,0,0,0,False,0,0,0,False,0,0,0,0.0,0.0,False,False,False
10,361,1,False,0,0,0,False,0,0,0,False,0,0,0,False,0,0,0,0.0,0.0,False,False,False
10,361,2,False,0,0,0,False,0,0,0,False,0,0,0,False,0,0,0,0.0,0.0,False,False,False
10,365,1,True,7.99948787689209,0.0341033935546875,7.59100866317749,False,0,0,0,False,0,0,0,False,0,0,0,0,0.0,False,False,False
10,365,2,False,0,0,0,False,0,0,0,False,0,0,0,False,0,0,0,0,0.0,False,False,False
10,365,3,False,0,0,0,False,0,0,0,False,0,0,0,False,0,0,0,0,0.0,False,False,False
10,369,1,False,0,0,0,False,0,0,0,False,0,0,0,False,0,0,0,0,0.0,False,False,False
10,369,2,False,0,0,0,False,0,0,0,False,0,0,0,False,0,0,0,0,0,False,False,False
10,27,1,False,0,0,0,False,0,0,0,False,0,0,0,False,0,0,0,0,4.186000823974609,False,False,False
10,27,2,False,0,0,0,False,0,0,0,False,0,0,0,False,0,0,0,0,3.956000328063965,False,False,False
10,27,3,False,0,0,0,False,0,0,0,False,0,0,0,False,0,0,0,0,3.7260003089904785,False,False,False
10,27,4,False,0,0,0,False,0,0,0,False,0,0,0,False,0,0,0,0,3.496000289916992,False,False,False
10,27,5,False,0,0,0,False,0,0,0,False,0,0,0,False,0,0,0,0,3.266000270843506,False,False,False
10,27,6,False,0,0,0,False,0,0,0,False,0,0,0,False,0,0,0,0,3.0360002517700195,False,False,False
10,69,1,False,0,0,0,False,0,0,0,False,0,0,0,False,0,0,0,0,2.805999755859375,False,False,False
10,69,2,False,0,0,0,False,0,0,0,False,0,0,0,False,0,0,0,0,2.576000213623047,False,False,False
10,69,3,False,0,0,0,False,0,0,0,False,0,0,0,False,0,0,0,0,2.3460006713867188,False,False,False
10,69,4,False,0,0,0,False,0,0,0,False,0,0,0,False,0,0,0,0,2.115999221801758,False,False,False
10,69,5,True,5.155920028686523,-1.8160781860351562,6.046871185302734,True,5.987897872924805,-2.7183380126953125,3.952524185180664,False,0,0,0,False,0,0,0,0,1.8859996795654297,False,False,False
10,69,6,True,5.155920028686523,-2.0177993774414062,6.163055419921875,True,5.987897872924805,-2.9429397583007812,4.081892013549805,False,0,0,0,False,0,0,0,0,1.6560001373291016,False,False,False
10,69,7,False,0,0,0,False,0,0,0,False,0,0,0,False,0,0,0,0,1.4260005950927734,False,False,False
10,69,8,True,5.155920028686523,-1.0777359008789062,5.619565963745117,True,5.987897872924805,-2.3701095581054688,3.750335693359375,False,0,0,0,False,0,0,0,0,1.1960010528564453,False,False,False
10,69,9,True,5.155920028686523,-0.6090850830078125,5.348516464233398,True,5.987897872924805,-1.9831695556640625,3.5264129638671875,False,0,0,0,False,0,0,0,0,0.9659996032714844,False,False,False
10,69,10,False,0,0,0,False,0,0,0,False,0,0,0,False,0,0,0,0,0.7360000610351562,False,False,False
10,69,11,True,5.155920028686523,-1.1029205322265625,5.632499694824219,True,5.987897872924805,-2.1944732666015625,3.6471805572509766,False,0,0,0,False,0,0,0,0,0.5060005187988281,False,False,False
10,69,12,True,5.155920028686523,-1.7005958557128906,5.9769439697265625,True,5.987897872924805,-2.629436492919922,3.897634506225586,False,0,0,0,False,0,0,0,0,0.2760009765625,False,False,False
10,69,13,False,0,0,0,False,0,0,0,False,0,0,0,False,0,0,0,0,0.04599952697753906,False,False,False
10,69,14,True,5.155920028686523,-1.8822250366210938,6.0806427001953125,True,5.987897872924805,-2.895549774169922,4.049983978271484,False,0,0,0,False,0,0,0,0,0,False,False,False
10,69,15,True,5.155920028686523,-1.403717041015625,5.803855895996094,True,5.987897872924805,-2.5947036743164062,3.875703811645508,False,0,0,0,False,0,0,0,0,0,False,False,False
10,69,16,False,0,0,0,False,0,0,0,False,0,0,0,False,0,0,0,0,0,False,False,False
10,69,17,True,5.155920028686523,-0.5729293823242188,5.323301315307617,True,5.987897872924805,-1.943206787109375,3.498554229736328,False,0,0,0,False,0,0,0,0,0,False,False,False
10,69,18,True,5.155920028686523,-0.5926055908203125,5.33428955078125,True,5.987897872924805,-1.8978919982910156,3.471986770629883,False,0,0,0,False,0,0,0,0,0,False,False,False
10,69,19,False,0,0,0,False,0,0,0,False,0,0,0,False,0,0,0,0,0,False,False,False
10,69,20,True,5.155920028686523,-1.2719154357910156,5.725984573364258,True,5.987897872924805,-2.3196372985839844,3.7149362564086914,False,0,0,0,False,0,0,0,0,0,False,False,False
10,69,21,True,5.155920028686523,-1.6483383178710938,5.943221569061279,True,5.987897872924805,-2.596160888671875,3.8744893074035645,False,0,0,0,False,0,0,0,0,0,False,False,False
10,69,22,False,0,0,0,False,0,0,0,False,0,0,0,False,0,0,0,0,0,False,False,False
10,69,23,True,5.155920028686523,-2.0326156616210938,6.1653151512146,True,5.987897872924805,-2.9367408752441406,4.071377277374268,False,0,0,0,False,0,0,0,0,0,False,False,False
10,69,24,True,5.155920028686523,-1.9905853271484375,6.141401529312134,True,5.987897872924805,-2.946868896484375,4.077607870101929,False,0,0,0,False,0,0,0,0,0,False,False,False
10,65,12,True,3.4958698749542236,0.9600000381469727,6.5279998779296875,True,3.4958698749542236,-5.709160804748535,6.271598815917969,True,2.9919960498809814,-0.38988685607910156,3.8806495666503906,False,0,0,0,0,0,False,False,False
10,65,13,True,3.4958698749542236,0.9600000381469727,6.5279998779296875,True,3.4958698749542236,-5.707650184631348,6.270038604736328,True,2.9919960498809814,-0.3867664337158203,3.881500244140625,False,0,0,0,0,0,False,False,False
10,65,14,True,3.4958698749542236,0.9600000381469727,6.5279998779296875,True,3.4958698749542236,-5.706819534301758,6.269725799560547,True,2.9919960498809814,-0.3846473693847656,3.88336181640625,False,0,0,0,0,0,False,False,False
10,65,15,True,3.4958698749542236,0.9600000381469727,6.5279998779296875,True,3.4958698749542236,-5.706668853759766,6.270759582519531,True,2.9919960498809814,-0.3834714889526367,3.8861122131347656,False,0,0,0,0,0,False,False,False
10,65,16,True,3.4958698749542236,0.9600000381469727,6.528001308441162,True,3.4958698749542236,-5.7071638107299805,6.273176670074463,True,2.9919960498809814,-0.38317394256591797,3.889631748199463,False,0,0,0,0,0,False,False,False
10,65,17,True,3.4958698749542236,0.9600000381469727,6.52800178527832,True,3.4958698749542236,-5.708250045776367,6.276949882507324,True,2.9919960498809814,-0.3836851119995117,3.8938236236572266,False,0,0,0,0,0,False,False,False
10,65,18,True,3.4958698749542236,0.9600000381469727,6.528000831604004,True,3.4958698749542236,-5.709842681884766,6.282001495361328,True,2.9919960498809814,-0.3849315643310547,3.898604393005371,False,0,0,0,0,0,False,False,False
10,65,19,True,3.4958698749542236,0.9600000381469727,6.528000831604004,True,3.4958698749542236,-5.711845397949219,6.288208961486816,True,2.9919960498809814,-0.38683128356933594,3.9039080142974854,False,0,0,0,0,0,False,False,False
10,361,3,False,0,0,0,False,0,0,0,False,0,0,0,False,0,0,0,-0.0,0.0,False,False,False
10,364,1,False,0,0,0,False,0,0,0,False,0,0,0,False,0,0,0,0.0,0.0,False,False,False
10,364,2,False,0,0,0,False,0,0,0,False,0,0,0,False,0,0,0,0.0,0.0,False,False,False
10,361,4,False,0,0,0,False,0,0,0,False,0,0,0,False,0,0,0,0.0,0.0,False,False,False
10,361,5,False,0,0,0,False,0,0,0,False,0,0,0,False,0,0,0,0.0,0.0,False,False,False
10,361,6,False,0,0,0,False,0,0,0,False,0,0,0,False,0,0,0,0.0,0.0,False,False,False
10,361,7,False,0,0,0,False,0,0,0,False,0,0,0,False,0,0,0,0.0,0.0,False,False,False
10,361,8,False,0,0,0,False,0,0,0,False,0,0,0,False,0,0,0,0.0,0.0,False,False,False
10,361,9,False,0,0,0,False,0,0,0,False,0,0,0,False,0,0,0,0.0,0.0,False,False,False
10,361,10,False,0,0,0,False,0,0,0,False,0,0,0,False,0,0,0,0.0,0.0,False,False,False
10,361,11,False,0,0,0,False,0,0,0,False,0,0,0,False,0,0,0,0.0,0.0,False,False,False
10,361,12,False,0,0,0,False,0,0,0,False,0,0,0,False,0,0,0,0.0,0.0,False,False,False
10,363,1,False,0,0,0,False,0,0,0,False,0,0,0,False,0,0,0,0.0,0.0,False,False,False
10,363,2,False,0,0,0,False,0,0,0,False,0,0,0,False,0,0,0,0.0,0.0,False,False,False
10,363,3,False,0,0,0,False,0,0,0,False,0,0,0,False,0,0,0,0.0,0.0,False,False,False
10,363,4,False,0,0,0,False,0,0,0,False,0,0,0,False,0,0,0,0.0,0.0,False,False,False
10,363,5,False,0,0,0,False,0,0,0,False,0,0,0,False,0,0,0,0.0,0.0,False,False,False
10,363,6,False,0,0,0,False,0,0,0,False,0,0,0,False,0,0,0,0.0,0.0,False,False,False
10,363,7,False,0,0,0,False,0,0,0,False,0,0,0,False,0,0,0,0.0,0.0,False,False,False
10,363,8,False,0,0,0,False,0,0,0,False,0,0,0,False,0,0,0,0.0,0.0,False,False,False
10,363,9,False,0,0,0,False,0,0,0,False,0,0,0,False,0,0,0,0.0,0.0,False,False,False
10,363,10,False,0,0,0,False,0,0,0,False,0,0,0,False,0,0,0,0.0,0.0,False,False,False
10,363,11,False,0,0,0,False,0,0,0,False,0,0,0,False,0,0,0,0.0,0.0,False,False,False
10,363,12,False,0,0,0,False,0,0,0,False,0,0,0,False,0,0,0,0.0,0.0,False,False,False
10,363,13,False,0,0,0,False,0,0,0,False,0,0,0,False,0,0,0,0.0,0.0,False,False,False
10,363,14,False,0,0,0,False,0,0,0,False,0,0,0,False,0,0,0,0.0,0.0,False,False,False
10,363,15,False,0,0,0,False,0,0,0,False,0,0,0,False,0,0,0,0.0,0.0,False,False,False
10,363,16,False,0,0,0,False,0,0,0,False,0,0,0,False,0,0,0,0.0,0.0,False,False,False
10,363,17,False,0,0,0,False,0,0,0,False,0,0,0,False,0,0,0,0.0,0.0,False,False,False
10,363,18,False,0,0,0,False,0,0,0,False,0,0,0,False,0,0,0,0.0,0.0,False,False,False
10,27,7,False,0,0,0,False,0,0,0,False,0,0,0,False,0,0,0,0,2.805999755859375,False,False,False
10,27,8,False,0,0,0,False,0,0,0,False,0,0,0,False,0,0,0,0,2.576000213623047,False,False,False
10,27,9,False,0,0,0,False,0,0,0,False,0,0,0,False,0,0,0,0,2.3460006713867188,False,False,False
10,27,10,False,0,0,0,False,0,0,0,False,0,0,0,False,0,0,0,0,2.1160011291503906,False,False,False
10,27,11,False,0,0,0,False,0,0,0,False,0,0,0,False,0,0,0,0,1.8860015869140625,False,False,False
10,27,12,False,0,0,0,False,0,0,0,False,0,0,0,False,0,0,0,0,1.6560020446777344,False,False,False
10,27,13,False,0,0,0,False,0,0,0,False,0,0,0,False,0,0,0,0,1.4259986877441406,False,False,False
10,27,14,False,0,0,0,False,0,0,0,False,0,0,0,False,0,0,0,0,1.1959991455078125,False,False,False
10,27,15,False,0,0,0,False,0,0,0,False,0,0,0,False,0,0,0,0,0.9659996032714844,False,False,False
10,27,16,False,0,0,0,False,0,0,0,False,0,0,0,False,0,0,0,0,0.7360000610351562,False,False,False
10,27,17,False,0,0,0,False,0,0,0,False,0,0,0,False,0,0,0,0,0.5060005187988281,False,False,False
10,27,18,False,0,0,0,False,0,0,0,False,0,0,0,False,0,0,0,0,0.2760009765625,False,False,False
10,27,19,False,0,0,0,False,0,0,0,False,0,0,0,False,0,0,0,0,0.046001434326171875,False,False,False
10,27,20,False,0,0,0,False,0,0,0,False,0,0,0,False,0,0,0,0,0,False,False,False
10,27,21,False,0,0,0,False,0,0,0,False,0,0,0,False,0,0,0,0,0,False,False,False
10,27,22,False,0,0,0,False,0,0,0,False,0,0,0,False,0,0,0,0,0,False,False,True
10,27,23,False,0,0,0,False,0,0,0,False,0,0,0,False,0,0,0,0,0,False,False,False
10,67,1,False,0,0,0,False,0,0,0,False,0,0,0,False,0,0,0,0,0,False,False,False
10,67,2,False,0,0,0,False,0,0,0,False,0,0,0,False,0,0,0,0,0,False,False,False
10,67,3,False,0,0,0,False,0,0,0,False,0,0,0,False,0,0,0,0,0,False,False,False
10,67,4,True,3.659921884536743,-0.007674217224121094,7.97443962097168,True,4.991868019104004,-8.043332576751709,9.587137222290039,True,3.327911853790283,2.662954330444336,4.19603157043457,False,0,0,0,0,0,False,False,False
10,67,5,True,3.659921884536743,-0.009783267974853516,7.97620964050293,True,4.991868019104004,-8.050559520721436,9.564075469970703,True,3.327911853790283,2.801784038543701,4.157011032104492,False,0,0,0,0,0,False,False,False
10,67,6,True,3.659921884536743,-0.011951923370361328,7.978029251098633,True,4.991868019104004,-8.062267303466797,9.505912780761719,True,3.327911853790283,2.874586582183838,4.169525146484375,False,0,0,0,0,0,False,False,False
10,67,7,True,3.659921884536743,-0.014172077178955078,7.979892730712891,True,4.991868019104004,-8.071268081665039,9.431467056274414,True,3.327911853790283,2.931544303894043,4.186698913574219,False,0,0,0,0,0,False,False,False
10,67,8,True,3.327911853790283,-0.016435623168945312,7.981790542602539,True,3.991931915283203,-7.9073967933654785,9.393373489379883,True,3.327911853790283,2.9735394716262817,4.201756477355957,False,0,0,0,0,0,False,False,False
10,67,9,True,3.327911853790283,-0.018733501434326172,7.983719348907471,True,3.991931915283203,-7.706559658050537,9.23384141921997,True,3.327911853790283,2.9994165897369385,4.207787990570068,False,0,0,0,0,0,False,False,False
10,67,10,True,3.327911853790283,-0.021057844161987305,7.98567008972168,True,3.991931915283203,-7.466714859008789,9.095555305480957,True,3.327911853790283,3.00629723072052,4.197914123535156,False,0,0,0,0,0,False,False,False
10,67,11,True,3.327911853790283,-0.023400306701660156,7.987635612487793,True,3.991931915283203,-7.2126617431640625,8.965075969696045,True,3.327911853790283,2.9899046421051025,4.16533637046814,False,0,0,0,0,0,False,False,False
10,67,12,True,3.327911853790283,-0.025752782821655273,7.989609479904175,True,3.991931915283203,-6.957913875579834,8.84172248840332,True,3.327911853790283,2.9918245673179626,4.159729421138763,False,0,0,0,0,0,False,False,False
10,56,1,False,0,0,0,False,0,0,0,False,0,0,0,False,0,0,0,0.0,0.0,False,False,False
10,56,2,False,0,0,0,False,0,0,0,False,0,0,0,False,0,0,0,0.0,0.0,False,False,False
10,56,3,False,0,0,0,False,0,0,0,False,0,0,0,False,0,0,0,0.0,0.0,False,False,False
10,56,4,False,0,0,0,False,0,0,0,False,0,0,0,False,0,0,0,0.0,0.0,False,False,False
10,56,5,True,5.0777997970581055,-3.8433477580547333,4.748212950136804,True,5.0777997970581055,-3.8433477580547333,4.748212950136804,True,3.515399932861328,-3.8260571658611298,4.713018553164147,True,3.124799966812134,0.4671725332736969,8.189525740053796,0.0,0.0,False,False,False
10,56,6,True,5.0777997970581055,-5.709212988615036,10.785613195803307,True,5.0777997970581055,-5.709212988615036,10.785613195803307,True,3.515399932861328,-5.721119612455368,10.771140234377526,True,3.124799966812134,0.41968974471092224,9.352102415468835,0.0,0.0,False,False,False
10,56,7,True,5.0777997970581055,-1.7366831004619598,16.293009893801354,True,5.0777997970581055,-1.7366831004619598,16.293009893801354,True,3.515399932861328,-1.8225594460964203,16.270686285402917,True,3.124799966812134,1.0330385267734528,10.220949308779382,0.0,0.0,False,False,False
10,56,8,True,5.0777997970581055,4.508419781923294,16.12602915039315,True,5.0777997970581055,4.508419781923294,16.12602915039315,True,3.515399932861328,4.417111188173294,16.179621832277917,True,3.124799966812134,1.7766012251377106,10.302697317507409,0.0,0.0,False,False,False
10,56,9,True,5.0777997970581055,4.682600289583206,15.321838514711999,True,5.0777997970581055,4.682600289583206,15.321838514711999,True,3.515399932861328,4.595622330904007,15.381248609926843,True,3.124799966812134,1.7896323502063751,10.211376325991296,0.0,0.0,False,False,False
10,56,10,True,5.0777997970581055,3.9987843334674835,14.602910177614831,True,5.0777997970581055,3.9987843334674835,14.602910177614831,True,3.515399932861328,3.931346207857132,14.686003820803307,True,3.124799966812134,1.568986564874649,10.218533651735925,0.0,0.0,False,False,False
10,56,11,True,5.0777997970581055,3.121421366930008,14.133320944216393,True,5.0777997970581055,3.121421366930008,14.133320944216393,True,3.515399932861328,3.061580926179886,14.218700544741296,True,3.124799966812134,1.3507353365421295,10.197133200075768,0.0,0.0,False,False,False
10,56,12,False,0,0,0,False,0,0,0,False,0,0,0,False,0,0,0,0.0,0.0,False,False,False
10,56,13,False,0,0,0,False,0,0,0,False,0,0,0,False,0,0,0,0.0,0.0,False,False,False
10,56,14,False,0,0,0,False,0,0,0,False,0,0,0,False,0,0,0,0.0,0.0,False,False,False
10,56,15,False,0,0,0,False,0,0,0,False,0,0,0,False,0,0,0,0.0,0.0,False,False,False
10,56,16,False,0,0,0,False,0,0,0,False,0,0,0,False,0,0,0,0.0,0.0,False,False,False
10,56,17,False,0,0,0,False,0,0,0,False,0,0,0,False,0,0,0,0.0,0.0,False,False,False
10,56,18,False,0,0,0,False,0,0,0,False,0,0,0,False,0,0,0,0.0,0.0,False,False,False
10,56,19,False,0,0,0,False,0,0,0,False,0,0,0,False,0,0,0,0.0,0.0,False,False,False
10,56,20,False,0,0,0,False,0,0,0,False,0,0,0,False,0,0,0,0.0,0.0,False,False,False
10,56,21,False,0,0,0,False,0,0,0,False,0,0,0,False,0,0,0,0.0,0.0,False,False,False
10,56,22,False,0,0,0,False,0,0,0,False,0,0,0,False,0,0,0,0.0,0.0,False,False,False
10,56,23,False,0,0,0,False,0,0,0,False,0,0,0,False,0,0,0,-0.0,0.0,True,False,False
10,366,1,False,0,0,0,False,0,0,0,False,0,0,0,False,0,0,0,0,0,False,False,False
10,366,2,False,0,0,0,False,0,0,0,False,0,0,0,False,0,0,0,0,0,False,False,False
10,366,3,False,0,0,0,False,0,0,0,False,0,0,0,False,0,0,0,0,0,False,False,False
10,366,4,False,0,0,0,False,0,0,0,False,0,0,0,False,0,0,0,0,0,False,False,False
10,366,5,False,0,0,0,False,0,0,0,False,0,0,0,False,0,0,0,0,0,False,False,False
10,366,6,False,0,0,0,False,0,0,0,False,0,0,0,False,0,0,0,0,0,False,False,False
10,366,7,False,0,0,0,False,0,0,0,False,0,0,0,False,0,0,0,0,0,False,False,False
10,366,8,False,0,0,0,False,0,0,0,False,0,0,0,False,0,0,0,0,0,False,False,False
10,366,9,False,0,0,0,False,0,0,0,False,0,0,0,False,0,0,0,0,0,False,False,False
10,366,10,False,0,0,0,False,0,0,0,False,0,0,0,False,0,0,0,0,0,False,False,False
10,366,11,False,0,0,0,False,0,0,0,False,0,0,0,False,0,0,0,0,0,False,False,False
10,366,12,False,0,0,0,False,0,0,0,False,0,0,0,False,0,0,0,0,0,False,False,False
10,366,13,False,0,0,0,False,0,0,0,False,0,0,0,False,0,0,0,0,0,False,False,False
10,366,14,False,0,0,0,False,0,0,0,False,0,0,0,False,0,0,0,0,0,False,False,False
10,366,15,False,0,0,0,False,0,0,0,False,0,0,0,False,0,0,0,0,0,False,False,False
10,368,1,False,0,0,0,False,0,0,0,False,0,0,0,False,0,0,0,0,0,False,False,False
10,368,2,False,0,0,0,False,0,0,0,False,0,0,0,False,0,0,0,0,0,False,False,False
10,368,3,False,0,0,0,False,0,0,0,False,0,0,0,False,0,0,0,0,0,False,False,False
10,368,4,False,0,0,0,False,0,0,0,False,0,0,0,False,0,0,0,0,0,False,False,False
10,368,5,False,0,0,0,False,0,0,0,False,0,0,0,False,0,0,0,0,0,False,False,False
10,368,6,False,0,0,0,False,0,0,0,False,0,0,0,False,0,0,0,0,0,False,False,False
10,368,7,False,0,0,0,False,0,0,0,False,0,0,0,False,0,0,0,0,0,False,False,False
10,368,8,False,0,0,0,False,0,0,0,False,0,0,0,False,0,0,0,0,0,False,False,False
10,368,9,False,0,0,0,False,0,0,0,False,0,0,0,False,0,0,0,0,0,False,False,False
10,368,10,False,0,0,0,False,0,0,0,False,0,0,0,False,0,0,0,0,0,False,False,False
10,368,11,False,0,0,0,False,0,0,0,False,0,0,0,False,0,0,0,0,0,False,False,False
10,368,12,False,0,0,0,False,0,0,0,False,0,0,0,False,0,0,0,0,0,False,False,False
10,368,13,False,0,0,0,False,0,0,0,False,0,0,0,False,0,0,0,0,0,False,False,False
10,368,14,False,0,0,0,False,0,0,0,False,0,0,0,False,0,0,0,0,0,False,False,False
10,368,15,False,0,0,0,False,0,0,0,False,0,0,0,False,0,0,0,0,0,False,False,False
10,368,16,False,0,0,0,False,0,0,0,False,0,0,0,False,0,0,0,0,0,False,False,False
10,368,17,False,0,0,0,False,0,0,0,False,0,0,0,False,0,0,0,0,0,False,False,False
10,368,18,False,0,0,0,False,0,0,0,False,0,0,0,False,0,0,0,0,0,False,False,False
10,27,24,False,0,0,0,False,0,0,0,False,0,0,0,False,0,0,0,0,0,False,False,False
10,27,25,False,0,0,0,False,0,0,0,False,0,0,0,False,0,0,0,0,0,False,False,False
10,27,26,False,0,0,0,False,0,0,0,False,0,0,0,False,0,0,0,0,0,False,False,False
10,27,27,False,0,0,0,False,0,0,0,False,0,0,0,False,0,0,0,0,0,False,False,False
10,27,28,False,0,0,0,False,0,0,0,False,0,0,0,False,0,0,0,0,0,False,False,False
10,27,29,False,0,0,0,False,0,0,0,False,0,0,0,False,0,0,0,0,0,False,False,False
10,27,30,False,0,0,0,False,0,0,0,False,0,0,0,False,0,0,0,0,0,False,False,False
10,27,31,False,0,0,0,False,0,0,0,False,0,0,0,False,0,0,0,0,0,False,False,False
10,354,1,False,0,0,0,False,0,0,0,False,0,0,0,False,0,0,0,0,0.0,False,False,False
10,354,2,False,0,0,0,False,0,0,0,False,0,0,0,False,0,0,0,0,0.0,False,False,False
10,354,3,False,0,0,0,False,0,0,0,False,0,0,0,False,0,0,0,0,0.0,False,False,False
10,354,4,False,0,0,0,False,0,0,0,False,0,0,0,False,0,0,0,0,0.0,False,False,False
10,354,5,False,0,0,0,False,0,0,0,False,0,0,0,False,0,0,0,0,0.0,False,False,False
10,354,6,False,0,0,0,False,0,0,0,False,0,0,0,False,0,0,0,0,0.0,False,False,False
10,354,7,False,0,0,0,False,0,0,0,False,0,0,0,False,0,0,0,0,0.0,False,False,False
10,354,8,False,0,0,0,False,0,0,0,False,0,0,0,False,0,0,0,0,0.0,False,False,False
10,354,9,False,0,0,0,False,0,0,0,False,0,0,0,False,0,0,0,0,0.0,False,False,False
10,354,10,False,0,0,0,False,0,0,0,False,0,0,0,False,0,0,0,0,0.0,False,False,False
10,354,11,False,0,0,0,False,0,0,0,False,0,0,0,False,0,0,0,0,0.0,False,False,False
10,354,12,False,0,0,0,False,0,0,0,False,0,0,0,False,0,0,0,0,0.0,False,False,False
10,354,13,False,0,0,0,False,0,0,0,False,0,0,0,False,0,0,0,0,0.0,False,False,False
10,354,14,False,0,0,0,False,0,0,0,False,0,0,0,False,0,0,0,0,0.0,False,False,False
10,354,15,False,0,0,0,False,0,0,0,False,0,0,0,False,0,0,0,0,0.0,False,False,False
10,354,16,False,0,0,0,False,0,0,0,False,0,0,0,False,0,0,0,0,0,False,False,False
10,354,17,False,0,0,0,False,0,0,0,False,0,0,0,False,0,0,0,0,0,False,False,False
10,354,18,False,0,0,0,False,0,0,0,False,0,0,0,False,0,0,0,0,0,False,False,False
10,354,19,False,0,0,0,False,0,0,0,False,0,0,0,False,0,0,0,0,0,False,False,False
10,354,20,True,8.20259952545166,0.0,7.499519348144531,False,0,0,0,False,0,0,0,False,0,0,0,0,0,False,False,False
10,354,21,False,0,0,0,False,0,0,0,False,0,0,0,False,0,0,0,0,0,False,False,False
10,354,22,True,8.20259952545166,0.0,7.499519348144531,False,0,0,0,False,0,0,0,False,0,0,0,0,0,False,False,False
10,354,23,False,0,0,0,False,0,0,0,False,0,0,0,False,0,0,0,0,0,False,False,False
10,354,24,True,8.20259952545166,0.0,7.499519348144531,False,0,0,0,False,0,0,0,False,0,0,0,0,0,False,False,False
10,354,25,False,0,0,0,False,0,0,0,False,0,0,0,False,0,0,0,0,0,False,False,False
10,354,26,True,8.20259952545166,0.0,7.499519348144531,False,0,0,0,False,0,0,0,False,0,0,0,0,0,False,False,False
10,354,27,False,0,0,0,False,0,0,0,False,0,0,0,False,0,0,0,0,0,False,False,False
10,354,28,True,8.20259952545166,0.0,7.499519348144531,False,0,0,0,False,0,0,0,False,0,0,0,0,0,False,False,False
10,354,29,False,0,0,0,False,0,0,0,False,0,0,0,False,0,0,0,0,0,False,False,False
10,354,30,True,8.20259952545166,0.0,7.499519348144531,False,0,0,0,False,0,0,0,False,0,0,0,0,0,False,False,False
10,354,31,False,0,0,0,False,0,0,0,False,0,0,0,False,0,0,0,0,0,False,False,False
10,354,32,True,8.20259952545166,0.0,7.499519348144531,False,0,0,0,False,0,0,0,False,0,0,0,0,0,False,False,False
10,354,33,False,0,0,0,False,0,0,0,False,0,0,0,False,0,0,0,0,0,False,False,False
10,354,34,False,0,0,0,False,0,0,0,False,0,0,0,False,0,0,0,0,0,False,False,False
10,354,35,False,0,0,0,False,0,0,0,False,0,0,0,False,0,0,0,0,0,False,False,False
10,354,36,False,0,0,0,False,0,0,0,False,0,0,0,False,0,0,0,0,0,False,False,False
10,354,37,False,0,0,0,False,0,0,0,False,0,0,0,False,0,0,0,0,0,False,False,False
10,354,38,False,0,0,0,False,0,0,0,False,0,0,0,False,0,0,0,0,0,False,False,False
10,354,39,False,0,0,0,False,0,0,0,False,0,0,0,False,0,0,0,0,0,False,False,False
10,354,40,False,0,0,0,False,0,0,0,False,0,0,0,False,0,0,0,0,0,False,False,False
10,354,41,False,0,0,0,False,0,0,0,False,0,0,0,False,0,0,0,0,0,False,False,False
10,354,42,False,0,0,0,False,0,0,0,False,0,0,0,False,0,0,0,0,0,False,False,False
10,356,1,True,3.999743938446045,2.9283905029296875,11.724672317504883,False,0,0,0,False,0,0,0,False,0,0,0,0,3.799999237060547,False,False,False
10,356,2,True,3.999743938446045,2.3056869506835938,11.724672317504883,False,0,0,0,False,0,0,0,False,0,0,0,0,3.799999237060547,False,False,False
10,356,3,True,3.999743938446045,2.651092529296875,11.724672317504883,False,0,0,0,False,0,0,0,False,0,0,0,0,3.799999237060547,False,False,False
10,356,4,True,3.999743938446045,2.8689422607421875,11.724671363830566,False,0,0,0,False,0,0,0,False,0,0,0,0,3.799999237060547,False,False,False
10,356,5,True,3.999743938446045,2.296722412109375,11.724672317504883,False,0,0,0,False,0,0,0,False,0,0,0,0,3.799999237060547,False,False,False
10,356,6,True,3.999743938446045,2.56683349609375,11.724672794342041,False,0,0,0,False,0,0,0,False,0,0,0,0,3.700000762939453,False,False,False
10,356,7,True,3.999743938446045,2.9419326782226562,11.724671840667725,False,0,0,0,False,0,0,0,False,0,0,0,0,3.6000003814697266,False,False,False
10,356,8,True,3.999743938446045,2.5094451904296875,11.724672317504883,False,0,0,0,False,0,0,0,False,0,0,0,0,3.5,False,False,False
10,356,9,True,3.999743938446045,2.281585693359375,11.724672555923462,False,0,0,0,False,0,0,0,False,0,0,0,0,3.40000057220459,False,False,False
10,356,10,True,3.999743938446045,2.7026138305664062,11.724672794342041,False,0,0,0,False,0,0,0,False,0,0,0,0,3.3000001907348633,False,False,False
10,356,11,True,3.999743938446045,2.9404296875,11.724671602249146,False,0,0,0,False,0,0,0,False,0,0,0,0,3.200000524520874,False,False,False
10,356,12,True,3.999743938446045,2.6226654052734375,11.724672317504883,False,0,0,0,False,0,0,0,False,0,0,0,0,3.1000006198883057,False,False,False
10,356,13,True,3.999743938446045,2.2847137451171875,11.724671602249146,False,0,0,0,False,0,0,0,False,0,0,0,0,3.0000007152557373,False,False,False
10,356,14,True,3.999743938446045,2.3713531494140625,11.724672317504883,False,0,0,0,False,0,0,0,False,0,0,0,0,2.900000810623169,False,False,False
10,356,15,True,3.999743938446045,2.7201080322265625,11.724672317504883,False,0,0,0,False,0,0,0,False,0,0,0,0,2.8000011444091797,False,False,False
10,356,16,True,3.999743938446045,2.9377517700195312,11.724672317504883,False,0,0,0,False,0,0,0,False,0,0,0,0,2.700000762939453,False,False,False
10,356,17,True,3.999743938446045,2.8577499389648438,11.7246732711792,False,0,0,0,False,0,0,0,False,0,0,0,0,2.600001335144043,False,False,False
10,356,18,True,3.999743938446045,2.5967483520507812,11.724672317504883,False,0,0,0,False,0,0,0,False,0,0,0,0,2.5000009536743164,False,False,False
10,356,19,True,3.999743938446045,2.3578262329101562,11.724672317504883,False,0,0,0,False,0,0,0,False,0,0,0,0,2.4000015258789062,False,False,False
10,356,20,True,3.999743938446045,2.2633209228515625,11.724674224853516,False,0,0,0,False,0,0,0,False,0,0,0,0,2.3000011444091797,False,False,False
10,356,21,True,3.999743938446045,2.3197860717773438,11.72467041015625,False,0,0,0,False,0,0,0,False,0,0,0,0,2.200000762939453,False,False,False
10,356,22,True,3.999743938446045,2.4665145874023438,11.724674224853516,False,0,0,0,False,0,0,0,False,0,0,0,0,2.1000022888183594,False,False,False
10,356,23,True,3.999743938446045,2.6336822509765625,11.724672317504883,False,0,0,0,False,0,0,0,False,0,0,0,0,2.000001907348633,False,False,False
10,356,24,True,3.999743938446045,2.7743606567382812,11.724672317504883,False,0,0,0,False,0,0,0,False,0,0,0,0,1.9000015258789062,False,False,False
10,356,25,True,3.999743938446045,2.870025634765625,11.724674224853516,False,0,0,0,False,0,0,0,False,0,0,0,0,1.8000011444091797,False,False,False
10,356,26,True,3.999743938446045,2.9223556518554688,11.724674224853516,False,0,0,0,False,0,0,0,False,0,0,0,0,1.7000007629394531,False,False,False
10,356,27,True,3.999743938446045,2.942626953125,11.724674224853516,False,0,0,0,False,0,0,0,False,0,0,0,0,1.6000022888183594,False,False,False
10,356,28,True,3.999743938446045,2.9440765380859375,11.724674224853516,False,0,0,0,False,0,0,0,False,0,0,0,0,1.5,False,False,False
10,356,29,True,3.999743938446045,2.9377212524414062,11.724674224853516,False,0,0,0,False,0,0,0,False,0,0,0,0,1.4000015258789062,False,False,False
10,356,30,True,3.999743938446045,2.9311904907226562,11.724674224853516,False,0,0,0,False,0,0,0,False,0,0,0,0,1.3000030517578125,False,False,False
10,358,1,False,0,0,0,False,0,0,0,False,0,0,0,False,0,0,0,0,1.0699996948242188,False,False,False
10,358,2,False,0,0,0,False,0,0,0,False,0,0,0,False,0,0,0,0,0.8400001525878906,False,False,False
10,358,3,False,0,0,0,False,0,0,0,False,0,0,0,False,0,0,0,0,0.6100006103515625,False,False,False
10,358,4,False,0,0,0,False,0,0,0,False,0,0,0,False,0,0,0,0,0.3800010681152344,False,False,False
10,358,5,False,0,0,0,False,0,0,0,False,0,0,0,False,0,0,0,0,0.15000152587890625,False,False,False
10,358,6,False,0,0,0,False,0,0,0,False,0,0,0,False,0,0,0,0,0,False,False,False
10,358,7,False,0,0,0,False,0,0,0,False,0,0,0,False,0,0,0,0,0,False,False,False
10,358,8,False,0,0,0,False,0,0,0,False,0,0,0,False,0,0,0,0,0,False,False,False
10,358,9,False,0,0,0,False,0,0,0,False,0,0,0,False,0,0,0,0,0,False,False,False
10,358,10,False,0,0,0,False,0,0,0,False,0,0,0,False,0,0,0,0,0,False,False,False
10,358,11,False,0,0,0,False,0,0,0,False,0,0,0,False,0,0,0,0,0,False,False,False
10,358,12,False,0,0,0,False,0,0,0,False,0,0,0,False,0,0,0,0,0,False,False,False
10,358,13,False,0,0,0,False,0,0,0,False,0,0,0,False,0,0,0,0,0,False,False,False
10,358,14,False,0,0,0,False,0,0,0,False,0,0,0,False,0,0,0,0,0,False,False,False
10,358,15,False,0,0,0,False,0,0,0,False,0,0,0,False,0,0,0,0,0,False,False,False
10,358,16,False,0,0,0,False,0,0,0,False,0,0,0,False,0,0,0,0,0,False,False,False
10,358,17,False,0,0,0,False,0,0,0,False,0,0,0,False,0,0,0,0,0,False,False,False
10,358,18,False,0,0,0,False,0,0,0,False,0,0,0,False,0,0,0,0,0,False,False,False
10,358,19,False,0,0,0,False,0,0,0,False,0,0,0,False,0,0,0,0,0,False,False,False
10,357,14,False,0,0,0,False,0,0,0,False,0,0,0,False,0,0,0,0.39949798583984375,0,False,False,False
10,357,15,False,0,0,0,False,0,0,0,False,0,0,0,False,0,0,0,0.0,0.0,False,False,False
10,357,16,False,0,0,0,False,0,0,0,False,0,0,0,False,0,0,0,0.0,0.0,False,False,False
10,357,17,False,0,0,0,False,0,0,0,False,0,0,0,False,0,0,0,0.0,0.0,False,False,False
10,357,18,False,0,0,0,False,0,0,0,False,0,0,0,False,0,0,0,0.0,0.0,False,False,False
10,357,19,False,0,0,0,False,0,0,0,False,0,0,0,False,0,0,0,0.0,0.0,False,False,False
10,212,1,False,0,0,0,False,0,0,0,False,0,0,0,False,0,0,0,1.932499885559082,0.0,False,False,False
10,212,2,False,0,0,0,False,0,0,0,False,0,0,0,False,0,0,0,1.8524999618530273,0.0,False,False,False
10,212,3,False,0,0,0,False,0,0,0,False,0,0,0,False,0,0,0,1.7725000381469727,0.0,False,False,False
10,212,4,False,0,0,0,False,0,0,0,False,0,0,0,False,0,0,0,1.692500114440918,0.0,False,False,False
10,212,5,False,0,0,0,False,0,0,0,False,0,0,0,False,0,0,0,1.612499713897705,0.0,False,False,False
10,212,6,False,0,0,0,False,0,0,0,False,0,0,0,False,0,0,0,1.2324998378753662,0.0,False,False,False
10,212,7,True,3.9059998989105225,-8.249471783638,6.749567644503259,True,2.7342000007629395,-4.499712109565735,6.749567644503259,False,0,0,0,False,0,0,0,1.152499794960022,0.0,False,False,False
10,212,8,True,3.9059998989105225,-8.249471426010132,6.749567644503259,True,2.7342000007629395,-4.499711751937866,6.749567644503259,False,0,0,0,False,0,0,0,1.0724996328353882,0.0,False,False,False
10,212,9,False,0,0,0,False,0,0,0,False,0,0,0,False,0,0,0,0.992499589920044,0.0,False,False,False
10,212,10,False,0,0,0,False,0,0,0,False,0,0,0,False,0,0,0,0.9124996662139893,0.0,False,False,False
10,212,11,False,0,0,0,False,0,0,0,False,0,0,0,False,0,0,0,0.8324997425079346,0.0,False,False,False
10,212,12,False,0,0,0,False,0,0,0,False,0,0,0,False,0,0,0,0.7524995803833008,0.0,False,False,False
10,212,13,False,0,0,0,False,0,0,0,False,0,0,0,False,0,0,0,0.6724991798400879,0.0,False,False,False
10,212,14,False,0,0,0,False,0,0,0,False,0,0,0,False,0,0,0,1.1924996376037598,0.0,False,False,False
10,212,15,False,0,0,0,False,0,0,0,False,0,0,0,False,0,0,0,1.112499713897705,0.0,False,False,False
10,212,16,False,0,0,0,False,0,0,0,False,0,0,0,False,0,0,0,1.0324997901916504,0.0,False,False,False
10,212,17,False,0,0,0,False,0,0,0,False,0,0,0,False,0,0,0,0.9524993896484375,0.0,False,False,False
10,212,18,False,0,0,0,False,0,0,0,False,0,0,0,False,0,0,0,0.8724994659423828,0.0,False,False,False
10,212,19,False,0,0,0,False,0,0,0,False,0,0,0,False,0,0,0,0.49249935150146484,0.0,False,False,False
10,221,1,False,0,0,0,False,0,0,0,False,0,0,0,False,0,0,0,0.0,0.0,False,False,False
10,221,2,False,0,0,0,False,0,0,0,False,0,0,0,False,0,0,0,0.0,0.0,False,False,False
10,221,4,False,0,0,0,False,0,0,0,False,0,0,0,False,0,0,0,0.0,0.0,False,False,False
10,221,5,False,0,0,0,False,0,0,0,False,0,0,0,False,0,0,0,0.0,0.0,False,False,False
10,221,6,False,0,0,0,False,0,0,0,False,0,0,0,False,0,0,0,0.0,0.0,False,False,False
10,221,8,False,0,0,0,False,0,0,0,False,0,0,0,False,0,0,0,0.0,0.0,False,False,False
10,221,9,False,0,0,0,False,0,0,0,False,0,0,0,False,0,0,0,0.0,0.0,False,False,False
10,221,10,False,0,0,0,False,0,0,0,False,0,0,0,False,0,0,0,0.0,0.0,False,False,False
10,221,11,False,0,0,0,False,0,0,0,False,0,0,0,False,0,0,0,0.0,0.0,False,False,False
10,221,13,False,0,0,0,False,0,0,0,False,0,0,0,False,0,0,0,0.0,0.0,False,False,False
10,221,14,False,0,0,0,False,0,0,0,False,0,0,0,False,0,0,0,0.0,0.0,False,False,False
10,221,15,False,0,0,0,False,0,0,0,False,0,0,0,False,0,0,0,0.0,0.0,False,False,False
10,221,17,False,0,0,0,False,0,0,0,False,0,0,0,False,0,0,0,0.0,0.0,False,False,False
10,221,18,False,0,0,0,False,0,0,0,False,0,0,0,False,0,0,0,0.0,0.0,False,False,True
10,221,20,False,0,0,0,False,0,0,0,False,0,0,0,False,0,0,0,0.0,0.0,False,False,False
10,221,21,False,0,0,0,False,0,0,0,False,0,0,0,False,0,0,0,0.0,0.0,False,False,False
10,221,22,False,0,0,0,False,0,0,0,False,0,0,0,False,0,0,0,0.0,0.0,False,False,False
10,221,24,False,0,0,0,False,0,0,0,False,0,0,0,False,0,0,0,0.0,0.0,False,False,False
10,221,25,False,0,0,0,False,0,0,0,False,0,0,0,False,0,0,0,0.0,0.0,False,False,False
10,221,26,False,0,0,0,False,0,0,0,False,0,0,0,False,0,0,0,0.0,0.0,False,False,False
10,221,28,False,0,0,0,False,0,0,0,False,0,0,0,False,0,0,0,0.0,0.0,False,False,False
10,221,29,False,0,0,0,False,0,0,0,False,0,0,0,False,0,0,0,0.0,0.0,False,False,False
10,221,30,False,0,0,0,False,0,0,0,False,0,0,0,False,0,0,0,0.0,0.0,False,False,False
10,221,32,False,0,0,0,False,0,0,0,False,0,0,0,False,0,0,0,0.0,0.0,False,False,False
10,221,33,False,0,0,0,False,0,0,0,False,0,0,0,False,0,0,0,0.0,0.0,False,False,False
10,221,34,False,0,0,0,False,0,0,0,False,0,0,0,False,0,0,0,0.0,0.0,False,False,False
10,221,36,False,0,0,0,False,0,0,0,False,0,0,0,False,0,0,0,0.0,0.0,False,False,False
10,221,37,False,0,0,0,False,0,0,0,False,0,0,0,False,0,0,0,0.0,0.0,False,False,False
10,221,38,False,0,0,0,False,0,0,0,False,0,0,0,False,0,0,0,0.0,0.0,False,False,False
10,361,13,False,0,0,0,False,0,0,0,False,0,0,0,False,0,0,0,-0.0,0.0,False,False,False
10,361,14,False,0,0,0,False,0,0,0,False,0,0,0,False,0,0,0,-0.0,0.0,False,False,False
10,361,15,False,0,0,0,False,0,0,0,False,0,0,0,False,0,0,0,-0.0,0.0,False,False,False
10,347,1,False,0,0,0,False,0,0,0,False,0,0,0,False,0,0,0,0.2999992370605469,0.0,False,False,False
10,347,2,False,0,0,0,False,0,0,0,False,0,0,0,False,0,0,0,0.2999992370605469,0.0,False,False,False
10,347,3,False,0,0,0,False,0,0,0,False,0,0,0,False,0,0,0,0.2999992370605469,0.0,False,False,False
10,347,4,False,0,0,0,False,0,0,0,False,0,0,0,False,0,0,0,0.2999992370605469,0.0,False,False,False
10,347,5,False,0,0,0,False,0,0,0,False,0,0,0,False,0,0,0,0.0,0.0,False,False,False
10,347,6,False,0,0,0,False,0,0,0,False,0,0,0,False,0,0,0,0.0,0.0,False,False,False
10,347,7,False,0,0,0,False,0,0,0,False,0,0,0,False,0,0,0,0.0,0.0,False,False,False
10,347,8,False,0,0,0,False,0,0,0,False,0,0,0,False,0,0,0,0.0,0.0,False,False,False
10,347,9,False,0,0,0,False,0,0,0,False,0,0,0,False,0,0,0,0.0,0.0,False,False,False
10,347,10,False,0,0,0,False,0,0,0,False,0,0,0,False,0,0,0,0.0,0.0,False,False,False
10,347,11,False,0,0,0,False,0,0,0,False,0,0,0,False,0,0,0,0.0,0.0,False,False,False
10,347,12,False,0,0,0,False,0,0,0,False,0,0,0,False,0,0,0,0.0,0.0,False,False,False
10,347,13,False,0,0,0,False,0,0,0,False,0,0,0,False,0,0,0,0.0,0.0,False,False,False
10,347,14,False,0,0,0,False,0,0,0,False,0,0,0,False,0,0,0,0.0,0.0,False,False,False
10,347,15,False,0,0,0,False,0,0,0,False,0,0,0,False,0,0,0,0.0,0.0,False,False,False
10,347,16,False,0,0,0,False,0,0,0,False,0,0,0,False,0,0,0,0.0,0.0,False,False,False
10,347,17,False,0,0,0,False,0,0,0,False,0,0,0,False,0,0,0,0.0,0.0,False,False,False
10,347,18,False,0,0,0,False,0,0,0,False,0,0,0,False,0,0,0,0.0,0.0,False,False,False
10,347,19,False,0,0,0,False,0,0,0,False,0,0,0,False,0,0,0,0.0,0.0,False,False,False
10,348,1,False,0,0,0,False,0,0,0,False,0,0,0,False,0,0,0,0.0,0.0,False,False,False
10,348,2,False,0,0,0,False,0,0,0,False,0,0,0,False,0,0,0,18.720001220703125,0.0,False,False,False
10,348,3,False,0,0,0,False,0,0,0,False,0,0,0,False,0,0,0,18.72000026702881,0.0,False,False,True
10,348,4,False,0,0,0,False,0,0,0,False,0,0,0,False,0,0,0,18.720001220703125,0.0,False,False,False
10,349,1,False,0,0,0,False,0,0,0,False,0,0,0,False,0,0,0,2.09999942779541,0.0,False,False,False
10,349,2,False,0,0,0,False,0,0,0,False,0,0,0,False,0,0,0,2.0,0.0,False,False,False
10,349,3,False,0,0,0,False,0,0,0,False,0,0,0,False,0,0,0,1.8999996185302734,0.0,False,False,False
10,349,4,False,0,0,0,False,0,0,0,False,0,0,0,False,0,0,0,1.8000011444091797,0.0,False,False,False
10,349,5,False,0,0,0,False,0,0,0,False,0,0,0,False,0,0,0,1.7000007629394531,0.0,False,False,False
10,183,1,False,0,0,0,False,0,0,0,False,0,0,0,False,0,0,0,0,0,False,False,False
10,183,2,False,0,0,0,False,0,0,0,False,0,0,0,False,0,0,0,0,0,False,False,False
10,183,3,False,0,0,0,False,0,0,0,False,0,0,0,False,0,0,0,0,0,False,False,False
10,183,4,False,0,0,0,False,0,0,0,False,0,0,0,False,0,0,0,0,0,False,False,False
10,183,5,False,0,0,0,False,0,0,0,False,0,0,0,False,0,0,0,0,0,False,False,False
10,183,6,False,0,0,0,False,0,0,0,False,0,0,0,False,0,0,0,0,0,False,False,False
10,183,7,False,0,0,0,False,0,0,0,False,0,0,0,False,0,0,0,0,0,False,False,False
10,183,8,False,0,0,0,False,0,0,0,False,0,0,0,False,0,0,0,0,0,False,False,False
10,183,9,False,0,0,0,False,0,0,0,False,0,0,0,False,0,0,0,0,0,False,False,False
10,183,10,False,0,0,0,False,0,0,0,False,0,0,0,False,0,0,0,0,0,False,False,False
10,183,11,False,0,0,0,False,0,0,0,False,0,0,0,False,0,0,0,0,0,False,False,False
10,183,12,False,0,0,0,False,0,0,0,False,0,0,0,False,0,0,0,0,0,False,False,False
10,183,13,False,0,0,0,False,0,0,0,False,0,0,0,False,0,0,0,0,0,False,False,False
10,183,14,False,0,0,0,False,0,0,0,False,0,0,0,False,0,0,0,0,0,False,False,False
10,183,15,False,0,0,0,False,0,0,0,False,0,0,0,False,0,0,0,0,0,False,False,False
10,183,16,False,0,0,0,False,0,0,0,False,0,0,0,False,0,0,0,0,0,False,False,False
10,183,17,False,0,0,0,False,0,0,0,False,0,0,0,False,0,0,0,0,0,False,False,False
10,183,18,False,0,0,0,False,0,0,0,False,0,0,0,False,0,0,0,0,0,False,False,False
10,183,19,False,0,0,0,False,0,0,0,False,0,0,0,False,0,0,0,0,0,False,False,False
10,183,20,False,0,0,0,False,0,0,0,False,0,0,0,False,0,0,0,0,0,False,False,False
10,183,21,False,0,0,0,False,0,0,0,False,0,0,0,False,0,0,0,0,0,False,False,False
10,183,22,False,0,0,0,False,0,0,0,False,0,0,0,False,0,0,0,0,0,False,False,False
10,183,23,False,0,0,0,False,0,0,0,False,0,0,0,False,0,0,0,0,0,False,False,False
10,183,24,False,0,0,0,False,0,0,0,False,0,0,0,False,0,0,0,0,0,False,False,False
10,183,25,False,0,0,0,False,0,0,0,False,0,0,0,False,0,0,0,0,0,False,False,False
10,183,26,False,0,0,0,False,0,0,0,False,0,0,0,False,0,0,0,0,0,False,False,False
10,186,1,False,0,0,0,False,0,0,0,False,0,0,0,False,0,0,0,-0.0,0.0,False,False,False
10,186,2,False,0,0,0,False,0,0,0,False,0,0,0,False,0,0,0,-0.0,0.0,False,False,False
10,186,3,False,0,0,0,False,0,0,0,False,0,0,0,False,0,0,0,-0.0,0.0,False,False,False
10,186,4,False,0,0,0,False,0,0,0,False,0,0,0,False,0,0,0,-0.0,0.0,False,False,False
10,186,5,False,0,0,0,False,0,0,0,False,0,0,0,False,0,0,0,-0.0,0.0,False,False,False
10,186,6,False,0,0,0,False,0,0,0,False,0,0,0,False,0,0,0,-0.0,0.0,False,False,False
10,186,7,False,0,0,0,False,0,0,0,False,0,0,0,False,0,0,0,-0.0,0.0,False,False,False
10,186,8,False,0,0,0,False,0,0,0,False,0,0,0,False,0,0,0,-0.0,0.0,False,False,False
10,186,9,False,0,0,0,False,0,0,0,False,0,0,0,False,0,0,0,-0.0,0.0,False,False,False
10,186,10,False,0,0,0,False,0,0,0,False,0,0,0,False,0,0,0,-0.0,0.0,False,False,False
10,186,11,False,0,0,0,False,0,0,0,False,0,0,0,False,0,0,0,-0.0,0.0,False,False,False
10,186,12,False,0,0,0,False,0,0,0,False,0,0,0,False,0,0,0,-0.0,0.0,False,False,False
10,186,13,False,0,0,0,False,0,0,0,False,0,0,0,False,0,0,0,-0.0,0.0,False,False,False
10,186,14,False,0,0,0,False,0,0,0,False,0,0,0,False,0,0,0,-0.0,0.0,False,False,False
10,186,15,False,0,0,0,False,0,0,0,False,0,0,0,False,0,0,0,-0.0,0.0,False,False,False
10,186,16,False,0,0,0,False,0,0,0,False,0,0,0,False,0,0,0,-0.0,0.0,False,False,False
10,186,17,False,0,0,0,False,0,0,0,False,0,0,0,False,0,0,0,-0.0,0.0,False,False,False
10,186,18,False,0,0,0,False,0,0,0,False,0,0,0,False,0,0,0,-0.0,0.0,False,False,False
10,186,19,False,0,0,0,False,0,0,0,False,0,0,0,False,0,0,0,-0.0,0.0,False,False,False
10,186,20,False,0,0,0,False,0,0,0,False,0,0,0,False,0,0,0,-0.0,0.0,False,False,False
10,186,21,False,0,0,0,False,0,0,0,False,0,0,0,False,0,0,0,-0.0,0.0,False,False,False
10,186,22,False,0,0,0,False,0,0,0,False,0,0,0,False,0,0,0,-0.0,0.0,False,False,False
10,186,23,False,0,0,0,False,0,0,0,False,0,0,0,False,0,0,0,-0.0,0.0,False,False,False
10,186,24,False,0,0,0,False,0,0,0,False,0,0,0,False,0,0,0,-0.0,0.0,False,False,False
10,186,25,False,0,0,0,False,0,0,0,False,0,0,0,False,0,0,0,-0.0,0.0,False,False,False
10,186,26,False,0,0,0,False,0,0,0,False,0,0,0,False,0,0,0,-0.0,0.0,False,False,False
10,186,27,False,0,0,0,False,0,0,0,False,0,0,0,False,0,0,0,-0.0,0.0,False,False,False
10,186,28,False,0,0,0,False,0,0,0,False,0,0,0,False,0,0,0,-0.0,0.0,False,False,False
10,186,29,False,0,0,0,False,0,0,0,False,0,0,0,False,0,0,0,-0.0,0.0,False,False,False
10,186,30,False,0,0,0,False,0,0,0,False,0,0,0,False,0,0,0,-0.0,0.0,False,False,False
10,212,20,False,0,0,0,False,0,0,0,False,0,0,0,False,0,0,0,0.11500167846679688,0.0,False,False,False
10,212,21,False,0,0,0,False,0,0,0,False,0,0,0,False,0,0,0,0.034999847412109375,0.0,False,False,False
10,212,22,False,0,0,0,False,0,0,0,False,0,0,0,False,0,0,0,0.0,0.0,False,False,False
10,212,23,False,0,0,0,False,0,0,0,False,0,0,0,False,0,0,0,0.0,0.0,False,False,False
10,212,24,False,0,0,0,False,0,0,0,False,0,0,0,False,0,0,0,0.0,0.0,False,False,False
10,212,25,False,0,0,0,False,0,0,0,False,0,0,0,False,0,0,0,0.0,0.0,False,False,False
10,212,26,False,0,0,0,False,0,0,0,False,0,0,0,False,0,0,0,0.0,0.0,False,False,False
10,212,27,False,0,0,0,False,0,0,0,False,0,0,0,False,0,0,0,0.0,0.0,False,False,False
10,212,28,False,0,0,0,False,0,0,0,False,0,0,0,False,0,0,0,0.0,0.0,False,False,False
10,212,29,False,0,0,0,False,0,0,0,False,0,0,0,False,0,0,0,0.0,0.0,False,False,False
10,212,30,False,0,0,0,False,0,0,0,False,0,0,0,False,0,0,0,0.0,0.0,False,False,False
10,253,1,False,0,0,0,False,0,0,0,False,0,0,0,False,0,0,0,0,0,False,False,False
10,253,2,False,0,0,0,False,0,0,0,False,0,0,0,False,0,0,0,0,0.0,False,False,False
10,253,3,False,0,0,0,False,0,0,0,False,0,0,0,False,0,0,0,0,0.0,False,False,False
10,255,1,False,0,0,0,False,0,0,0,False,0,0,0,False,0,0,0,0.0,0.0,False,False,False
10,255,2,False,0,0,0,False,0,0,0,False,0,0,0,False,0,0,0,0.0,0.0,False,False,False
10,255,3,False,0,0,0,False,0,0,0,False,0,0,0,False,0,0,0,0.0,0.0,False,False,False
10,255,4,False,0,0,0,False,0,0,0,False,0,0,0,False,0,0,0,0.0,0.0,False,False,False
10,255,5,False,0,0,0,False,0,0,0,False,0,0,0,False,0,0,0,0.0,0.0,False,False,False
10,255,6,False,0,0,0,False,0,0,0,False,0,0,0,False,0,0,0,0.0,0.0,False,False,False
10,255,7,False,0,0,0,False,0,0,0,False,0,0,0,False,0,0,0,0.0,0.0,False,False,False
10,255,8,False,0,0,0,False,0,0,0,False,0,0,0,False,0,0,0,0.0,0.0,False,False,False
10,255,9,False,0,0,0,False,0,0,0,False,0,0,0,False,0,0,0,0.0,0.0,False,False,False
10,255,10,False,0,0,0,False,0,0,0,False,0,0,0,False,0,0,0,0.0,0.0,False,False,False
10,255,11,False,0,0,0,False,0,0,0,False,0,0,0,False,0,0,0,0.0,0.0,False,False,False
10,255,12,False,0,0,0,False,0,0,0,False,0,0,0,False,0,0,0,0.0,0.0,False,False,False
10,255,13,False,0,0,0,False,0,0,0,False,0,0,0,False,0,0,0,0.0,0.0,False,False,False
10,255,14,False,0,0,0,False,0,0,0,False,0,0,0,False,0,0,0,-0.3838958740234375,0.4799995422363281,False,False,False
10,255,15,False,0,0,0,False,0,0,0,False,0,0,0,False,0,0,0,-0.5758743286132812,0.9600000381469727,False,False,False
10,255,16,False,0,0,0,False,0,0,0,False,0,0,0,False,0,0,0,-0.4196014404296875,0.8924522399902344,False,False,False
10,255,17,False,0,0,0,False,0,0,0,False,0,0,0,False,0,0,0,-0.37700653076171875,0.999119758605957,False,False,False
10,255,18,False,0,0,0,False,0,0,0,False,0,0,0,False,0,0,0,-0.1636199951171875,1.468428611755371,False,False,False
10,255,19,False,0,0,0,False,0,0,0,False,0,0,0,False,0,0,0,0.0,2.8559908866882324,False,False,False
10,255,20,False,0,0,0,False,0,0,0,False,0,0,0,False,0,0,0,0.0,2.904008626937866,False,False,False
10,255,21,False,0,0,0,False,0,0,0,False,0,0,0,False,0,0,0,0.888885498046875,1.848888874053955,False,False,False
10,255,22,False,0,0,0,False,0,0,0,False,0,0,0,False,0,0,0,1.7422256469726562,1.4222224950790405,False,False,False
10,255,23,False,0,0,0,False,0,0,0,False,0,0,0,False,0,0,0,2.4177703857421875,0.5689885450337897,False,False,False
10,255,24,False,0,0,0,False,0,0,0,False,0,0,0,False,0,0,0,0.48171234130859375,0.0,False,False,False
10,255,25,False,0,0,0,False,0,0,0,False,0,0,0,False,0,0,0,0.4782867431640625,0.0,False,False,False
10,255,26,False,0,0,0,False,0,0,0,False,0,0,0,False,0,0,0,0.5024948120117188,0.0,False,False,False
10,255,27,False,0,0,0,False,0,0,0,False,0,0,0,False,0,0,0,0.514007568359375,0.0,False,False,False
10,255,28,False,0,0,0,False,0,0,0,False,0,0,0,False,0,0,0,0.45476531982421875,0.0,False,False,False
10,255,29,False,0,0,0,False,0,0,0,False,0,0,0,False,0,0,0,0.3247528076171875,0.0,False,False,False
10,255,30,False,0,0,0,False,0,0,0,False,0,0,0,False,0,0,0,0.1239776611328125,0.0,False,False,False
10,255,31,False,0,0,0,False,0,0,0,False,0,0,0,False,0,0,0,0.0,0.0,False,False,False
10,255,32,False,0,0,0,False,0,0,0,False,0,0,0,False,0,0,0,0.0,0.0,False,False,False
10,255,33,False,0,0,0,False,0,0,0,False,0,0,0,False,0,0,0,0.0,0.0,False,False,False
10,255,34,False,0,0,0,False,0,0,0,False,0,0,0,False,0,0,0,0.0,0.0,False,False,False
10,27,32,False,0,0,0,False,0,0,0,False,0,0,0,False,0,0,0,0,0,False,False,False
10,27,33,False,0,0,0,False,0,0,0,False,0,0,0,False,0,0,0,0,0,False,False,False
10,27,34,False,0,0,0,False,0,0,0,False,0,0,0,False,0,0,0,0,0,False,False,False
10,27,35,False,0,0,0,False,0,0,0,False,0,0,0,False,0,0,0,0,0,False,False,False
10,27,36,False,0,0,0,False,0,0,0,False,0,0,0,False,0,0,0,0,0,False,False,False
10,27,37,False,0,0,0,False,0,0,0,False,0,0,0,False,0,0,0,0,0,False,False,False
10,27,38,False,0,0,0,False,0,0,0,False,0,0,0,False,0,0,0,0,0,False,False,False
10,27,39,False,0,0,0,False,0,0,0,False,0,0,0,False,0,0,0,0,0,False,False,False
10,27,40,False,0,0,0,False,0,0,0,False,0,0,0,False,0,0,0,0,0,False,False,False
10,27,41,False,0,0,0,False,0,0,0,False,0,0,0,False,0,0,0,0,0,False,False,False
10,253,4,False,0,0,0,False,0,0,0,False,0,0,0,False,0,0,0,0,0.0,False,False,False
10,253,5,False,0,0,0,False,0,0,0,False,0,0,0,False,0,0,0,0,0.0,False,False,False
10,253,6,False,0,0,0,False,0,0,0,False,0,0,0,False,0,0,0,0,0.0,False,False,False
10,253,7,False,0,0,0,False,0,0,0,False,0,0,0,False,0,0,0,0,0.0,False,False,False
10,253,8,False,0,0,0,False,0,0,0,False,0,0,0,False,0,0,0,0,0.0,False,False,False
10,27,42,False,0,0,0,False,0,0,0,False,0,0,0,False,0,0,0,0,0,False,False,False
10,67,13,True,3.327911853790283,-0.028106689453125,7.991584539413452,True,3.991931915283203,-6.7101287841796875,8.722242832183838,True,3.327911853790283,2.993419647216797,4.158352077007294,False,0,0,0,0,0,False,False,False
10,50,1,False,0,0,0,False,0,0,0,False,0,0,0,False,0,0,0,1.5848655700683594,0.0,False,False,False
10,50,2,False,0,0,0,False,0,0,0,False,0,0,0,False,0,0,0,2.1404666900634766,0.0,False,False,False
10,50,3,False,0,0,0,False,0,0,0,False,0,0,0,False,0,0,0,2.147409439086914,0.0,False,False,False
10,50,4,True,3.8278799057006836,9.833864212036133,7.160884992983483,True,3.8278799057006836,5.370233535766602,7.486658232119225,False,0,0,0,False,0,0,0,1.6056957244873047,0.0,False,False,False
10,50,5,True,3.8278799057006836,9.201927185058594,7.229601519014977,True,3.8278799057006836,5.113542556762695,7.5574284957911,False,0,0,0,False,0,0,0,1.1238212585449219,0.0,False,False,False
10,50,6,True,3.8278799057006836,8.561771392822266,7.246505873110436,True,3.8278799057006836,4.850687026977539,7.5735465454126825,False,0,0,0,False,0,0,0,1.0720691680908203,0.0,False,False,False
10,50,7,True,3.8278799057006836,8.597343444824219,7.178368227389001,True,3.8278799057006836,4.894321441650391,7.53198494186654,False,0,0,0,False,0,0,0,1.0270881652832031,0.0,False,False,False
10,50,8,True,2.7342000007629395,7.901487350463867,7.168591635134362,True,2.7342000007629395,4.946598052978516,7.4706107543970575,False,0,0,0,False,0,0,0,0.9888725280761719,0.0,False,False,False
10,50,9,True,2.7342000007629395,7.954717636108398,7.073704855349206,True,2.7342000007629395,5.007719039916992,7.394671575930261,False,0,0,0,False,0,0,0,0.957427978515625,0.0,False,False,False
10,50,10,True,2.7342000007629395,8.015071868896484,6.96335758438363,True,2.7342000007629395,5.075410842895508,7.305147306826257,False,0,0,0,False,0,0,0,0.9327526092529297,0.0,False,False,False
10,50,11,True,2.7342000007629395,8.080451965332031,6.837344782259606,True,2.7342000007629395,5.146467208862305,7.202504293825768,False,0,0,0,False,0,0,0,0.9148464202880859,0.0,False,False,False
10,50,12,True,2.7342000007629395,8.14895248413086,6.699720995333337,True,2.7342000007629395,5.217836380004883,7.0893217491175164,False,0,0,0,False,0,0,0,0.9037094116210938,0.0,False,False,False
10,50,13,True,2.7342000007629395,8.219247817993164,6.5602199005152215,True,2.7342000007629395,5.2872314453125,6.971618788149499,False,0,0,0,False,0,0,0,0.8993396759033203,0.0,False,False,False
10,50,14,True,2.7342000007629395,8.290641784667969,6.434775488283776,True,2.7342000007629395,5.353288650512695,6.8589774536158075,False,0,0,0,False,0,0,0,0.9017391204833984,0.0,False,False,False
10,50,15,True,2.7342000007629395,8.362211227416992,6.340515272524499,True,2.7342000007629395,5.415365219116211,6.76373018493905,False,0,0,0,False,0,0,0,0.9109096527099609,0.0,False,False,False
10,50,16,True,2.7342000007629395,8.429271697998047,6.150242941286706,True,2.7342000007629395,5.48773193359375,6.610739843752526,False,0,0,0,False,0,0,0,0.9268436431884766,0.0,False,False,False
10,50,17,True,2.7342000007629395,8.509710311889648,5.763387339022302,True,2.7342000007629395,5.578763961791992,6.323280947115563,False,0,0,0,False,0,0,0,0.9495525360107422,0.0,False,False,False
10,50,18,False,0,0,0,False,0,0,0,False,0,0,0,False,0,0,0,0.9790306091308594,0.0,False,False,False
10,50,19,False,0,0,0,False,0,0,0,False,0,0,0,False,0,0,0,1.0152740478515625,0.0,False,False,False
10,50,20,False,0,0,0,False,0,0,0,False,0,0,0,False,0,0,0,1.0582866668701172,0.0,False,False,False
10,50,21,False,0,0,0,False,0,0,0,False,0,0,0,False,0,0,0,1.0767555236816406,0.0,False,False,False
10,50,22,False,0,0,0,False,0,0,0,False,0,0,0,False,0,0,0,1.0604782104492188,0.0,False,False,False
10,50,23,False,0,0,0,False,0,0,0,False,0,0,0,False,0,0,0,1.0356674194335938,0.0,False,False,False
10,50,24,False,0,0,0,False,0,0,0,False,0,0,0,False,0,0,0,1.0023345947265625,0.0,False,False,False
10,50,25,False,0,0,0,False,0,0,0,False,0,0,0,False,0,0,0,0.9604568481445312,0.0,False,False,False
10,50,26,False,0,0,0,False,0,0,0,False,0,0,0,False,0,0,0,0.9100494384765625,0.0,False,False,False
10,50,27,False,0,0,0,False,0,0,0,False,0,0,0,False,0,0,0,0.851104736328125,0.0,False,False,False
10,50,28,False,0,0,0,False,0,0,0,False,0,0,0,False,0,0,0,0.7836418151855469,0.0,False,False,False
10,50,29,False,0,0,0,False,0,0,0,False,0,0,0,False,0,0,0,0.7076301574707031,0.0,False,False,False
10,50,30,False,0,0,0,False,0,0,0,False,0,0,0,False,0,0,0,0.9230918884277344,0.0,False,False,False
10,50,31,False,0,0,0,False,0,0,0,False,0,0,0,False,0,0,0,0.8300247192382812,0.0,False,False,False
10,50,32,False,0,0,0,False,0,0,0,False,0,0,0,False,0,0,0,0.4284248352050781,0.0,False,False,False
10,50,33,False,0,0,0,False,0,0,0,False,0,0,0,False,0,0,0,0.31829071044921875,0.0,False,False,False
10,50,34,False,0,0,0,False,0,0,0,False,0,0,0,False,0,0,0,0.19961929321289062,0.0,False,False,False
10,50,35,False,0,0,0,False,0,0,0,False,0,0,0,False,0,0,0,0.07242202758789062,0.0,False,False,False
10,50,36,False,0,0,0,False,0,0,0,False,0,0,0,False,0,0,0,0.002086639404296875,0.0,True,False,False
10,50,37,False,0,0,0,False,0,0,0,False,0,0,0,False,0,0,0,-0.002986907958984375,0.0,True,False,False
10,50,38,False,0,0,0,False,0,0,0,False,0,0,0,False,0,0,0,-0.00403594970703125,0.0,True,False,False
10,50,39,False,0,0,0,False,0,0,0,False,0,0,0,False,0,0,0,-0.001041412353515625,0.0,True,False,False
10,67,14,True,3.327911853790283,-0.030452728271484375,7.993556976318359,True,3.991931915283203,-6.47212028503418,8.602195739746094,True,3.327911853790283,2.98291015625,4.147190093994141,False,0,0,0,0,0,False,False,False
10,67,15,True,3.327911853790283,-0.03278541564941406,7.995512008666992,True,3.991931915283203,-6.242767333984375,8.476625442504883,True,3.327911853790283,2.947315216064453,4.111417770385742,False,0,0,0,0,0,False,False,False
10,67,16,True,3.327911853790283,-0.03509521484375,7.997447967529297,True,3.991931915283203,-6.01765251159668,8.340385437011719,True,3.327911853790283,2.8869552612304688,4.0534820556640625,False,0,0,0,0,0,False,False,False
10,67,17,True,3.327911853790283,-0.03737068176269531,7.999359130859375,True,3.991931915283203,-5.789522171020508,8.188316345214844,True,3.327911853790283,2.8322219848632812,4.01116943359375,False,0,0,0,0,0,False,False,False
10,67,18,True,3.327911853790283,-0.039608001708984375,8.001235961914062,True,3.991931915283203,-5.549144744873047,8.004878997802734,True,3.327911853790283,2.7754974365234375,3.9763736724853516,False,0,0,0,0,0,False,False,False
10,67,19,True,3.327911853790283,-0.041797637939453125,8.003070831298828,True,3.991931915283203,-5.283090591430664,7.8010711669921875,True,3.327911853790283,2.710479736328125,3.9425086975097656,False,0,0,0,0,0,False,False,False
10,344,1,False,0,0,0,False,0,0,0,False,0,0,0,False,0,0,0,0,0.26000022888183594,False,False,False
10,344,2,False,0,0,0,False,0,0,0,False,0,0,0,False,0,0,0,0,0.029999732971191406,False,False,False
10,344,3,False,0,0,0,False,0,0,0,False,0,0,0,False,0,0,0,0,0,False,False,False
10,344,4,False,0,0,0,False,0,0,0,False,0,0,0,False,0,0,0,0,0,False,False,False
10,345,1,False,0,0,0,False,0,0,0,False,0,0,0,False,0,0,0,0,0,False,False,False
10,345,2,False,0,0,0,False,0,0,0,False,0,0,0,False,0,0,0,0,0,False,False,False
10,345,3,False,0,0,0,False,0,0,0,False,0,0,0,False,0,0,0,0,0,False,False,False
10,345,4,False,0,0,0,False,0,0,0,False,0,0,0,False,0,0,0,0,0,False,False,False
10,345,5,False,0,0,0,False,0,0,0,False,0,0,0,False,0,0,0,0,0,False,False,False
10,345,6,False,0,0,0,False,0,0,0,False,0,0,0,False,0,0,0,0,0,False,False,True
10,345,7,False,0,0,0,False,0,0,0,False,0,0,0,False,0,0,0,0,0,False,False,False
10,63,1,False,0,0,0,False,0,0,0,False,0,0,0,False,0,0,0,0.0,0.0,False,False,False
10,63,2,False,0,0,0,False,0,0,0,False,0,0,0,False,0,0,0,0.0,0.0,False,False,False
10,63,3,False,0,0,0,False,0,0,0,False,0,0,0,False,0,0,0,0.0,0.0,False,False,False
10,63,4,False,0,0,0,False,0,0,0,False,0,0,0,False,0,0,0,0.0,0.0,False,False,False
10,63,5,False,0,0,0,False,0,0,0,False,0,0,0,False,0,0,0,0.0,0.0,False,False,False
10,63,6,False,0,0,0,False,0,0,0,False,0,0,0,False,0,0,0,0.0,0.0,False,False,False
10,63,7,True,3.327911853790283,6.366449356079102,7.582464353945397,True,4.655951976776123,5.970989227294922,5.38938822021737,False,0,0,0,False,0,0,0,0.0,0.0,False,False,False
10,63,8,True,3.327911853790283,7.195598602294922,11.128097669985436,True,4.655951976776123,9.319097518920898,10.431436674502038,False,0,0,0,False,0,0,0,0.0,0.0,False,False,False
10,63,9,True,3.327911853790283,6.067557334899902,15.538837568667077,True,4.655951976776123,8.28567886352539,15.798627035524987,False,0,0,0,False,0,0,0,0.0,0.0,False,False,False
10,63,10,True,3.327911853790283,3.1816787719726562,18.46488107910409,True,3.8278799057006836,3.6617374420166016,20.646090643313073,False,0,0,0,False,0,0,0,0.0,0.0,False,False,False
10,63,11,True,3.327911853790283,0.025049209594726562,19.23357309570565,True,3.8278799057006836,-0.9713039398193359,21.231104986574792,False,0,0,0,False,0,0,0,0.0,0.0,False,False,False
10,63,12,True,3.327911853790283,-2.45620059967041,18.305636541750573,True,3.8278799057006836,-4.184563636779785,19.722203390505456,False,0,0,0,False,0,0,0,0.0,0.0,False,False,False
10,63,13,True,3.327911853790283,-3.936330795288086,16.493044989016198,True,3.8278799057006836,-6.015482664108276,17.30462373962655,False,0,0,0,False,0,0,0,0.0,0.0,False,False,False
10,63,14,True,3.327911853790283,-4.530762672424316,14.604474203493737,True,3.8278799057006836,-6.741517066955566,14.902771131899499,False,0,0,0,False,0,0,0,0.0,0.0,False,False,False
10,63,15,True,3.327911853790283,-4.717820644378662,13.02655805816903,True,3.8278799057006836,-6.95232367515564,13.040143148806237,False,0,0,0,False,0,0,0,0.0,0.0,False,False,False
10,63,16,True,3.327911853790283,-4.65416145324707,11.560275213625573,True,3.8278799057006836,-6.881924867630005,11.385270254519128,False,0,0,0,False,0,0,0,0.0,0.0,False,False,False
10,63,17,True,3.327911853790283,-4.423690319061279,10.16757311096444,True,3.8278799057006836,-6.633326053619385,9.835224287417077,False,0,0,0,False,0,0,0,0.0,0.0,False,False,False
10,63,18,False,0,0,0,False,0,0,0,False,0,0,0,False,0,0,0,0.0,0.0,False,False,False
10,63,19,False,0,0,0,False,0,0,0,False,0,0,0,False,0,0,0,0.0,0.0,False,False,False
10,63,20,False,0,0,0,False,0,0,0,False,0,0,0,False,0,0,0,0.0,0.0,False,False,False
10,63,21,False,0,0,0,False,0,0,0,False,0,0,0,False,0,0,0,0.0,0.0,False,False,False
10,63,22,False,0,0,0,False,0,0,0,False,0,0,0,False,0,0,0,0.0,0.0,False,False,False
10,63,23,False,0,0,0,False,0,0,0,False,0,0,0,False,0,0,0,0.0,0.0,False,False,False
10,63,24,False,0,0,0,False,0,0,0,False,0,0,0,False,0,0,0,0.0,0.0,False,False,False
10,63,25,False,0,0,0,False,0,0,0,False,0,0,0,False,0,0,0,0.0,0.0,False,False,False
10,63,26,False,0,0,0,False,0,0,0,False,0,0,0,False,0,0,0,0.0,0.0,False,False,False
10,63,27,False,0,0,0,False,0,0,0,False,0,0,0,False,0,0,0,0.0,0.0,False,False,False
10,63,28,False,0,0,0,False,0,0,0,False,0,0,0,False,0,0,0,0.0,0.0,False,False,False
10,63,29,False,0,0,0,False,0,0,0,False,0,0,0,False,0,0,0,0.0,0.0,False,False,False
10,63,30,False,0,0,0,False,0,0,0,False,0,0,0,False,0,0,0,0.0,0.0,False,False,False
10,63,31,False,0,0,0,False,0,0,0,False,0,0,0,False,0,0,0,0.0,0.0,False,False,False
10,63,32,False,0,0,0,False,0,0,0,False,0,0,0,False,0,0,0,0.0,0.0,False,False,False
10,63,33,False,0,0,0,False,0,0,0,False,0,0,0,False,0,0,0,0.0,0.0,False,False,False
10,63,34,False,0,0,0,False,0,0,0,False,0,0,0,False,0,0,0,0.0,0.0,False,False,False
10,63,35,False,0,0,0,False,0,0,0,False,0,0,0,False,0,0,0,0.0,0.0,False,False,False
10,63,36,False,0,0,0,False,0,0,0,False,0,0,0,False,0,0,0,0.0,0.0,False,False,False
10,63,37,False,0,0,0,False,0,0,0,False,0,0,0,False,0,0,0,0.0,0.0,False,False,False
10,63,38,False,0,0,0,False,0,0,0,False,0,0,0,False,0,0,0,0.0,0.0,False,False,False
10,63,39,False,0,0,0,False,0,0,0,False,0,0,0,False,0,0,0,0.0,0.0,False,False,False
10,63,40,False,0,0,0,False,0,0,0,False,0,0,0,False,0,0,0,0.0,0.0,False,False,False
10,63,41,False,0,0,0,False,0,0,0,False,0,0,0,False,0,0,0,0.0,0.0,False,False,False
10,253,9,False,0,0,0,False,0,0,0,False,0,0,0,False,0,0,0,0,0.0,False,False,False
10,366,16,False,0,0,0,False,0,0,0,False,0,0,0,False,0,0,0,0,0.4739837646484375,False,False,False
10,366,17,False,0,0,0,False,0,0,0,False,0,0,0,False,0,0,0,0,0.3971710205078125,False,False,False
10,366,18,False,0,0,0,False,0,0,0,False,0,0,0,False,0,0,0,0,0.3203582763671875,False,False,False
10,199,1,False,0,0,0,False,0,0,0,False,0,0,0,False,0,0,0,-0.0,4.168406009674072,False,False,False
10,199,2,False,0,0,0,False,0,0,0,False,0,0,0,False,0,0,0,-0.0,0,False,False,False
10,199,3,False,0,0,0,False,0,0,0,False,0,0,0,False,0,0,0,-0.0,0.0,False,False,False
10,199,4,False,0,0,0,False,0,0,0,False,0,0,0,False,0,0,0,-0.0,0.0,False,False,False
10,199,5,False,0,0,0,False,0,0,0,False,0,0,0,False,0,0,0,-0.0,0.0,False,False,False
10,199,6,False,0,0,0,False,0,0,0,False,0,0,0,False,0,0,0,-0.0,0.0,False,False,False
10,199,7,False,0,0,0,False,0,0,0,False,0,0,0,False,0,0,0,-0.0,0.0,False,False,False
10,199,8,False,0,0,0,False,0,0,0,False,0,0,0,False,0,0,0,-0.0,0.0,False,False,False
10,199,9,False,0,0,0,False,0,0,0,False,0,0,0,False,0,0,0,-0.0,0.0,False,False,False
10,199,10,False,0,0,0,False,0,0,0,False,0,0,0,False,0,0,0,-0.0,0.0,False,False,False
10,199,11,False,0,0,0,False,0,0,0,False,0,0,0,False,0,0,0,-0.0,0.0,False,False,False
10,199,12,False,0,0,0,False,0,0,0,False,0,0,0,False,0,0,0,-0.0,0.0,False,False,False
10,199,13,False,0,0,0,False,0,0,0,False,0,0,0,False,0,0,0,-0.0,0.0,False,False,False
10,199,14,False,0,0,0,False,0,0,0,False,0,0,0,False,0,0,0,-0.0,0.0,False,False,False
10,199,15,False,0,0,0,False,0,0,0,False,0,0,0,False,0,0,0,-0.0,0.0,False,False,False
10,199,16,False,0,0,0,False,0,0,0,False,0,0,0,False,0,0,0,-0.0,0.0,False,False,False
10,199,17,False,0,0,0,False,0,0,0,False,0,0,0,False,0,0,0,-0.0,0.0,False,False,False
10,199,18,False,0,0,0,False,0,0,0,False,0,0,0,False,0,0,0,-0.0,0.0,False,False,False
10,199,19,False,0,0,0,False,0,0,0,False,0,0,0,False,0,0,0,-0.0,0.0,False,False,False
10,199,20,False,0,0,0,False,0,0,0,False,0,0,0,False,0,0,0,-0.0,0.0,False,False,False
10,199,21,False,0,0,0,False,0,0,0,False,0,0,0,False,0,0,0,-0.0,0.0,False,False,False
10,199,22,False,0,0,0,False,0,0,0,False,0,0,0,False,0,0,0,-0.0,0.0,False,False,False
10,199,23,False,0,0,0,False,0,0,0,False,0,0,0,False,0,0,0,-0.0,0.0,False,False,False
10,199,24,False,0,0,0,False,0,0,0,False,0,0,0,False,0,0,0,-0.0,0.0,False,False,False
10,199,25,False,0,0,0,False,0,0,0,False,0,0,0,False,0,0,0,-0.0,0.0,False,False,False
10,199,26,False,0,0,0,False,0,0,0,False,0,0,0,False,0,0,0,-0.0,0.0,False,False,False
10,40,3,False,0,0,0,False,0,0,0,False,0,0,0,False,0,0,0,0.0,0.0,False,False,False
10,40,4,False,0,0,0,False,0,0,0,False,0,0,0,False,0,0,0,0.0,0.0,False,False,False
10,40,5,False,0,0,0,False,0,0,0,False,0,0,0,False,0,0,0,0.0,0.0,False,False,False
10,40,6,False,0,0,0,False,0,0,0,False,0,0,0,False,0,0,0,0.0,0.0,False,False,False
10,40,7,False,0,0,0,False,0,0,0,False,0,0,0,False,0,0,0,0.0,0.0,False,False,False
10,40,8,False,0,0,0,False,0,0,0,False,0,0,0,False,0,0,0,0.0,0.0,False,False,True
10,40,9,False,0,0,0,False,0,0,0,False,0,0,0,False,0,0,0,0.0,0.0,False,False,False
10,40,10,False,0,0,0,False,0,0,0,False,0,0,0,False,0,0,0,0.0,0.0,False,False,False
10,40,11,False,0,0,0,False,0,0,0,False,0,0,0,False,0,0,0,0.0,0.0,False,False,False
10,40,12,False,0,0,0,False,0,0,0,False,0,0,0,False,0,0,0,0.0,0.0,False,False,False
10,40,13,False,0,0,0,False,0,0,0,False,0,0,0,False,0,0,0,0.0,0.0,False,False,False
10,40,14,False,0,0,0,False,0,0,0,False,0,0,0,False,0,0,0,0.0,0.0,False,False,False
10,57,1,False,0,0,0,False,0,0,0,False,0,0,0,False,0,0,0,0.06025505065917969,0.0,False,False,False
10,57,2,False,0,0,0,False,0,0,0,False,0,0,0,False,0,0,0,-0.019744873046875,0.0,False,False,False
10,57,3,False,0,0,0,False,0,0,0,False,0,0,0,False,0,0,0,-0.09974479675292969,0.0,False,False,False
10,57,4,False,0,0,0,False,0,0,0,False,0,0,0,False,0,0,0,-0.17974472045898438,0.0,False,False,False
10,57,5,False,0,0,0,False,0,0,0,False,0,0,0,False,0,0,0,-0.25974464416503906,0.0,False,False,False
10,57,6,False,0,0,0,False,0,0,0,False,0,0,0,False,0,0,0,-0.2999992370605469,0.0,False,False,False
10,57,7,True,2.7342000007629395,8.943805694580078,1.690507786181115,True,2.7342000007629395,10.704647541046143,0.9646403955484857,True,3.124799966812134,12.465489864349365,0.2387727664972772,False,0,0,0,-0.2999992370605469,0.0,False,False,False
10,57,8,True,2.7342000007629395,10.257662773132324,2.592734234240197,True,2.7342000007629395,13.97618055343628,2.5670739578272332,True,3.124799966812134,17.694698333740234,2.5414136814142694,False,0,0,0,0.0,0.0,False,False,False
10,57,9,True,2.7342000007629395,7.20693302154541,2.7225898670221795,True,2.7342000007629395,9.94000244140625,2.7341514991785516,True,3.124799966812134,12.673072338104248,2.7457131313349237,False,0,0,0,0.0,0.0,False,False,False
10,57,10,False,0,0,0,False,0,0,0,False,0,0,0,False,0,0,0,0.0,0.0,False,False,False
10,57,11,False,0,0,0,False,0,0,0,False,0,0,0,False,0,0,0,0.0,0.0,False,False,False
10,57,12,False,0,0,0,False,0,0,0,False,0,0,0,False,0,0,0,0.0,0.0,False,False,False
10,57,13,False,0,0,0,False,0,0,0,False,0,0,0,False,0,0,0,0.0,0.0,False,False,False
10,57,14,False,0,0,0,False,0,0,0,False,0,0,0,False,0,0,0,0.0,0.0,False,False,False
10,57,15,False,0,0,0,False,0,0,0,False,0,0,0,False,0,0,0,0.0,0.0,False,False,False
10,57,16,False,0,0,0,False,0,0,0,False,0,0,0,False,0,0,0,0.0,0.0,False,False,False
10,57,17,False,0,0,0,False,0,0,0,False,0,0,0,False,0,0,0,0.0,0.0,False,False,False
10,57,18,False,0,0,0,False,0,0,0,False,0,0,0,False,0,0,0,0.0,0.0,False,False,False
10,57,19,False,0,0,0,False,0,0,0,False,0,0,0,False,0,0,0,0.0,0.0,False,False,False
10,57,20,False,0,0,0,False,0,0,0,False,0,0,0,False,0,0,0,0.0,0.0,False,False,False
10,57,21,False,0,0,0,False,0,0,0,False,0,0,0,False,0,0,0,0.0,0.0,False,False,False
10,57,22,False,0,0,0,False,0,0,0,False,0,0,0,False,0,0,0,0.0,0.0,False,False,False
10,57,23,False,0,0,0,False,0,0,0,False,0,0,0,False,0,0,0,0.0,0.0,False,False,False
10,57,24,False,0,0,0,False,0,0,0,False,0,0,0,False,0,0,0,0.0,0.0,False,False,False
10,57,25,False,0,0,0,False,0,0,0,False,0,0,0,False,0,0,0,0.0,0.0,False,False,False
10,57,26,False,0,0,0,False,0,0,0,False,0,0,0,False,0,0,0,0.0,0.0,False,False,False
10,57,27,False,0,0,0,False,0,0,0,False,0,0,0,False,0,0,0,0.0,0.0,False,False,False
10,57,28,False,0,0,0,False,0,0,0,False,0,0,0,False,0,0,0,0.0,0.0,True,False,False
10,57,29,False,0,0,0,False,0,0,0,False,0,0,0,False,0,0,0,0.0,0.0,True,False,False
10,64,1,False,0,0,0,False,0,0,0,False,0,0,0,False,0,0,0,0.0,0.0,False,False,False
10,64,2,False,0,0,0,False,0,0,0,False,0,0,0,False,0,0,0,0.0,0.0,False,False,False
10,64,3,False,0,0,0,False,0,0,0,False,0,0,0,False,0,0,0,0.0,0.0,False,False,False
10,64,4,False,0,0,0,False,0,0,0,False,0,0,0,False,0,0,0,0.0,0.0,False,False,False
10,64,5,False,0,0,0,False,0,0,0,False,0,0,0,False,0,0,0,0.0,0.0,False,False,False
10,64,6,True,4.68720006942749,-8.647575378417969,1.4518524574305047,True,4.68720006942749,9.106069564819336,1.8369801210428705,True,3.515399932861328,-4.650455474853516,1.4608798193003167,True,3.515399932861328,5.113920211791992,1.667347090151452,0.0,0.0,False,False,False
10,64,7,True,4.68720006942749,-8.382305145263672,1.3785306381250848,True,4.68720006942749,8.854751586914062,1.6367360519434442,True,3.515399932861328,-4.519657135009766,1.4250194000269403,True,3.515399932861328,4.990751266479492,1.568147437479638,0.0,0.0,False,False,False
10,64,8,True,4.68720006942749,-7.786899566650391,1.3270594047571649,True,4.68720006942749,8.266387939453125,1.5001714395548333,True,3.515399932861328,-4.223747253417969,1.3999107049967279,True,3.515399932861328,4.69813346862793,1.5004083084131707,0.0,0.0,False,False,False
10,64,9,True,4.68720006942749,-7.161174774169922,1.2969354557062616,True,4.68720006942749,7.643171310424805,1.4044913219477166,True,3.515399932861328,-3.912250518798828,1.3853337930704583,True,3.515399932861328,4.388113021850586,1.4528497623468866,0.0,0.0,False,False,False
10,64,10,True,4.68720006942749,-6.8003997802734375,1.276252643969201,True,4.68720006942749,7.281414031982422,1.3382016586328973,True,3.515399932861328,-3.732410430908203,1.3753796981836786,True,3.515399932861328,4.208166122436523,1.4197465347315301,0.0,0.0,False,False,False
10,64,11,False,0,0,0,False,0,0,0,False,0,0,0,False,0,0,0,0.0,0.0,False,False,False
10,64,12,False,0,0,0,False,0,0,0,False,0,0,0,False,0,0,0,0.0,0.0,False,False,False
10,64,13,False,0,0,0,False,0,0,0,False,0,0,0,False,0,0,0,0.0,0.0,False,False,False
10,64,14,False,0,0,0,False,0,0,0,False,0,0,0,False,0,0,0,0.0,0.0,False,False,False
10,64,15,False,0,0,0,False,0,0,0,False,0,0,0,False,0,0,0,0.0,0.0,False,False,False
10,64,16,False,0,0,0,False,0,0,0,False,0,0,0,False,0,0,0,0.0,0.0,False,False,False
10,64,17,False,0,0,0,False,0,0,0,False,0,0,0,False,0,0,0,0.0,0.0,False,False,False
10,64,18,False,0,0,0,False,0,0,0,False,0,0,0,False,0,0,0,0.0,0.0,False,False,False
10,64,19,False,0,0,0,False,0,0,0,False,0,0,0,False,0,0,0,0.0,0.0,False,False,False
10,64,20,False,0,0,0,False,0,0,0,False,0,0,0,False,0,0,0,-0.2999992370605469,0.0,False,False,False
10,64,21,False,0,0,0,False,0,0,0,False,0,0,0,False,0,0,0,-0.2999992370605469,0.0,False,False,False
10,64,22,False,0,0,0,False,0,0,0,False,0,0,0,False,0,0,0,-0.2999992370605469,0.0,False,False,False
10,64,23,False,0,0,0,False,0,0,0,False,0,0,0,False,0,0,0,-0.2999992370605469,0.0,False,False,False
10,64,24,False,0,0,0,False,0,0,0,False,0,0,0,False,0,0,0,-0.2999992370605469,0.0,False,False,False
10,27,43,False,0,0,0,False,0,0,0,False,0,0,0,False,0,0,0,0,0,False,False,False
10,27,44,False,0,0,0,False,0,0,0,False,0,0,0,False,0,0,0,0,0,False,False,False
10,27,45,False,0,0,0,False,0,0,0,False,0,0,0,False,0,0,0,0,0,False,False,False
10,27,46,False,0,0,0,False,0,0,0,False,0,0,0,False,0,0,0,0,0,False,False,False
10,27,47,False,0,0,0,False,0,0,0,False,0,0,0,False,0,0,0,0,0,False,False,False
10,27,48,False,0,0,0,False,0,0,0,False,0,0,0,False,0,0,0,0,0,False,False,False
10,27,49,False,0,0,0,False,0,0,0,False,0,0,0,False,0,0,0,0,0,False,False,False
10,27,50,False,0,0,0,False,0,0,0,False,0,0,0,False,0,0,0,0,0,False,False,False
10,253,10,False,0,0,0,False,0,0,0,False,0,0,0,False,0,0,0,0,0.0,False,False,False
10,253,11,False,0,0,0,False,0,0,0,False,0,0,0,False,0,0,0,0,0.0,False,False,True
10,253,12,False,0,0,0,False,0,0,0,False,0,0,0,False,0,0,0,0,0.0,False,False,False
10,253,13,False,0,0,0,False,0,0,0,False,0,0,0,False,0,0,0,0,0.0,False,False,False
10,253,14,False,0,0,0,False,0,0,0,False,0,0,0,False,0,0,0,0,0.0,False,False,False
10,253,15,False,0,0,0,False,0,0,0,False,0,0,0,False,0,0,0,0,0.0,False,False,False
10,253,16,False,0,0,0,False,0,0,0,False,0,0,0,False,0,0,0,0,0.0,False,False,False
10,253,17,False,0,0,0,False,0,0,0,False,0,0,0,False,0,0,0,0,0.0,False,False,False
10,253,18,False,0,0,0,False,0,0,0,False,0,0,0,False,0,0,0,0,0.0,False,False,False
10,253,19,False,0,0,0,False,0,0,0,False,0,0,0,False,0,0,0,0,0.0,False,False,False
10,253,20,False,0,0,0,False,0,0,0,False,0,0,0,False,0,0,0,0,0.0,False,False,False
10,253,21,False,0,0,0,False,0,0,0,False,0,0,0,False,0,0,0,0,0.0,False,False,False
10,253,22,False,0,0,0,False,0,0,0,False,0,0,0,False,0,0,0,0,0.0,False,False,False
10,253,23,False,0,0,0,False,0,0,0,False,0,0,0,False,0,0,0,0,0.0,False,False,False
10,253,24,False,0,0,0,False,0,0,0,False,0,0,0,False,0,0,0,0,0.0,False,False,False
10,253,25,False,0,0,0,False,0,0,0,False,0,0,0,False,0,0,0,0,0.0,False,False,False
10,253,26,False,0,0,0,False,0,0,0,False,0,0,0,False,0,0,0,0,0.0,False,False,False
10,253,27,False,0,0,0,False,0,0,0,False,0,0,0,False,0,0,0,0,0.0,False,False,False
10,253,28,False,0,0,0,False,0,0,0,False,0,0,0,False,0,0,0,0,0.0,False,False,False
10,253,29,False,0,0,0,False,0,0,0,False,0,0,0,False,0,0,0,0,0.0,False,False,False
10,253,30,False,0,0,0,False,0,0,0,False,0,0,0,False,0,0,0,0,0.0,False,False,False
10,253,31,False,0,0,0,False,0,0,0,False,0,0,0,False,0,0,0,0,0.0,False,False,False
